match_id,date,league,home_team,away_team,home_elo_post,away_elo_post
19342,2022-08-05 18:30:00,Bundesliga,Eintracht Frankfurt,Bayern Munich,1489.0,1511.0
19343,2022-08-06 13:30:00,Bundesliga,Union Berlin,Hertha Berlin,1509.0,1491.0
19344,2022-08-06 13:30:00,Bundesliga,Borussia M.Gladbach,Hoffenheim,1509.0,1491.0
19345,2022-08-06 13:30:00,Bundesliga,Wolfsburg,Werder Bremen,1499.0,1501.0
19346,2022-08-06 13:30:00,Bundesliga,Bochum,Mainz 05,1489.0,1511.0
19347,2022-08-06 13:30:00,Bundesliga,Augsburg,Freiburg,1489.0,1511.0
19348,2022-08-06 16:30:00,Bundesliga,Borussia Dortmund,Bayer Leverkusen,1509.0,1491.0
19349,2022-08-07 13:30:00,Bundesliga,VfB Stuttgart,RasenBallsport Leipzig,1499.0,1501.0
19350,2022-08-07 15:30:00,Bundesliga,FC Cologne,Schalke 04,1509.0,1491.0
19351,2022-08-12 18:30:00,Bundesliga,Freiburg,Borussia Dortmund,1499.94,1520.06
19352,2022-08-13 13:30:00,Bundesliga,Bayer Leverkusen,Augsburg,1479.94,1500.06
19353,2022-08-13 13:30:00,Bundesliga,RasenBallsport Leipzig,FC Cologne,1500.23,1509.77
19354,2022-08-13 13:30:00,Bundesliga,Werder Bremen,VfB Stuttgart,1499.94,1500.06
19355,2022-08-13 13:30:00,Bundesliga,Hoffenheim,Bochum,1499.94,1480.06
19356,2022-08-13 13:30:00,Bundesliga,Hertha Berlin,Eintracht Frankfurt,1489.94,1490.06
19357,2022-08-13 16:30:00,Bundesliga,Schalke 04,Borussia M.Gladbach,1490.51,1509.49
19358,2022-08-14 13:30:00,Bundesliga,Mainz 05,Union Berlin,1509.94,1510.06
19359,2022-08-14 15:30:00,Bundesliga,Bayern Munich,Wolfsburg,1519.66,1490.34
19360,2022-08-19 18:30:00,Bundesliga,Borussia M.Gladbach,Hertha Berlin,1517.93,1481.5
19361,2022-08-20 13:30:00,Bundesliga,Wolfsburg,Schalke 04,1489.34,1491.51
19362,2022-08-20 13:30:00,Bundesliga,Augsburg,Mainz 05,1489.34,1520.66
19363,2022-08-20 13:30:00,Bundesliga,VfB Stuttgart,Freiburg,1489.05,1510.95
19364,2022-08-20 13:30:00,Bundesliga,Borussia Dortmund,Werder Bremen,1508.48,1511.52
19365,2022-08-20 13:30:00,Bundesliga,Bayer Leverkusen,Hoffenheim,1469.51,1510.37
19366,2022-08-20 16:30:00,Bundesliga,Union Berlin,RasenBallsport Leipzig,1518.77,1491.51
19367,2022-08-21 13:30:00,Bundesliga,Eintracht Frankfurt,FC Cologne,1489.62,1510.21
19368,2022-08-21 15:30:00,Bundesliga,Bochum,Bayern Munich,1470.19,1529.53
19369,2022-08-26 18:30:00,Bundesliga,Freiburg,Bochum,1518.8,1462.34
19370,2022-08-27 13:30:00,Bundesliga,RasenBallsport Leipzig,Wolfsburg,1500.45,1480.41
19371,2022-08-27 13:30:00,Bundesliga,Mainz 05,Bayer Leverkusen,1508.23,1481.94
19372,2022-08-27 13:30:00,Bundesliga,Hoffenheim,Augsburg,1518.78,1480.93
19373,2022-08-27 13:30:00,Bundesliga,Hertha Berlin,Borussia Dortmund,1471.27,1518.71
19374,2022-08-27 13:30:00,Bundesliga,Schalke 04,Union Berlin,1481.29,1529.0
19375,2022-08-27 16:30:00,Bundesliga,Bayern Munich,Borussia M.Gladbach,1528.19,1519.26
19376,2022-08-28 13:30:00,Bundesliga,FC Cologne,VfB Stuttgart,1508.61,1490.65
19377,2022-08-28 15:30:00,Bundesliga,Werder Bremen,Eintracht Frankfurt,1499.89,1501.24
19378,2022-09-02 18:30:00,Bundesliga,Borussia Dortmund,Hoffenheim,1527.71,1509.78
19379,2022-09-03 13:30:00,Bundesliga,Bayer Leverkusen,Freiburg,1472.0,1528.75
19380,2022-09-03 13:30:00,Bundesliga,Union Berlin,Bayern Munich,1527.97,1529.22
19381,2022-09-03 13:30:00,Bundesliga,VfB Stuttgart,Schalke 04,1489.38,1482.56
19382,2022-09-03 13:30:00,Bundesliga,Wolfsburg,FC Cologne,1470.21,1518.8
19383,2022-09-03 13:30:00,Bundesliga,Bochum,Werder Bremen,1452.41,1509.82
19384,2022-09-03 16:30:00,Bundesliga,Eintracht Frankfurt,RasenBallsport Leipzig,1510.21,1491.47
19385,2022-09-04 13:30:00,Bundesliga,Augsburg,Hertha Berlin,1469.66,1482.55
19386,2022-09-04 15:30:00,Bundesliga,Borussia M.Gladbach,Mainz 05,1507.94,1519.55
19387,2022-09-09 18:30:00,Bundesliga,Werder Bremen,Augsburg,1497.69,1481.79
19388,2022-09-10 13:30:00,Bundesliga,Bayern Munich,VfB Stuttgart,1527.1,1491.5
19389,2022-09-10 13:30:00,Bundesliga,RasenBallsport Leipzig,Borussia Dortmund,1501.51,1517.68
19390,2022-09-10 13:30:00,Bundesliga,Hoffenheim,Mainz 05,1519.05,1510.28
19391,2022-09-10 13:30:00,Bundesliga,Eintracht Frankfurt,Wolfsburg,1498.09,1482.34
19392,2022-09-10 13:30:00,Bundesliga,Hertha Berlin,Bayer Leverkusen,1481.24,1473.3
19393,2022-09-10 16:30:00,Bundesliga,Schalke 04,Bochum,1490.71,1444.26
19394,2022-09-11 13:30:00,Bundesliga,FC Cologne,Union Berlin,1508.06,1538.71
19395,2022-09-11 15:30:00,Bundesliga,Freiburg,Borussia M.Gladbach,1527.16,1509.54
19396,2022-09-16 18:30:00,Bundesliga,Mainz 05,Hertha Berlin,1508.45,1483.07
19397,2022-09-17 13:30:00,Bundesliga,Borussia Dortmund,Schalke 04,1525.91,1482.47
19398,2022-09-17 13:30:00,Bundesliga,Bayer Leverkusen,Werder Bremen,1472.99,1497.99
19399,2022-09-17 13:30:00,Bundesliga,Augsburg,Bayern Munich,1492.08,1516.8
19400,2022-09-17 13:30:00,Bundesliga,VfB Stuttgart,Eintracht Frankfurt,1480.69,1508.9
19401,2022-09-17 16:30:00,Bundesliga,Borussia M.Gladbach,RasenBallsport Leipzig,1518.3,1492.74
19402,2022-09-18 13:30:00,Bundesliga,Union Berlin,Wolfsburg,1546.14,1474.91
19403,2022-09-18 15:30:00,Bundesliga,Bochum,FC Cologne,1445.09,1507.24
19404,2022-09-18 17:30:00,Bundesliga,Hoffenheim,Freiburg,1518.28,1527.93
19405,2022-09-30 18:30:00,Bundesliga,Bayern Munich,Bayer Leverkusen,1524.57,1465.22
19406,2022-10-01 13:30:00,Bundesliga,RasenBallsport Leipzig,Bochum,1500.41,1437.43
19407,2022-10-01 13:30:00,Bundesliga,Freiburg,Mainz 05,1536.37,1500.01
19408,2022-10-01 13:30:00,Bundesliga,FC Cologne,Borussia Dortmund,1516.77,1516.38
19409,2022-10-01 13:30:00,Bundesliga,Eintracht Frankfurt,Union Berlin,1518.97,1536.08
19410,2022-10-01 13:30:00,Bundesliga,Wolfsburg,VfB Stuttgart,1484.07,1471.53
19413,2022-10-01 16:30:00,Bundesliga,Werder Bremen,Borussia M.Gladbach,1507.57,1508.73
19411,2022-10-02 13:30:00,Bundesliga,Hertha Berlin,Hoffenheim,1483.07,1518.27
19412,2022-10-02 15:30:00,Bundesliga,Schalke 04,Augsburg,1471.74,1502.81
19417,2022-10-07 18:30:00,Bundesliga,Hoffenheim,Werder Bremen,1506.97,1518.88
19415,2022-10-08 13:30:00,Bundesliga,Bayer Leverkusen,Schalke 04,1474.41,1462.56
19416,2022-10-08 13:30:00,Bundesliga,Mainz 05,RasenBallsport Leipzig,1499.02,1501.4
19419,2022-10-08 13:30:00,Bundesliga,Bochum,Eintracht Frankfurt,1448.76,1507.64
19420,2022-10-08 13:30:00,Bundesliga,Augsburg,Wolfsburg,1501.28,1485.6
19414,2022-10-08 16:30:00,Bundesliga,Borussia Dortmund,Bayern Munich,1515.61,1525.34
19418,2022-10-09 13:30:00,Bundesliga,Borussia M.Gladbach,FC Cologne,1517.95,1507.54
19422,2022-10-09 15:30:00,Bundesliga,Hertha Berlin,Freiburg,1483.6,1535.85
19421,2022-10-09 17:30:00,Bundesliga,VfB Stuttgart,Union Berlin,1462.38,1545.23
19430,2022-10-14 18:30:00,Bundesliga,Schalke 04,Hoffenheim,1452.83,1516.7
19427,2022-10-15 13:30:00,Bundesliga,Eintracht Frankfurt,Bayer Leverkusen,1515.7,1466.34
19428,2022-10-15 13:30:00,Bundesliga,Wolfsburg,Borussia M.Gladbach,1485.53,1518.03
19429,2022-10-15 13:30:00,Bundesliga,VfB Stuttgart,Bochum,1470.99,1440.15
19431,2022-10-15 13:30:00,Bundesliga,Werder Bremen,Mainz 05,1507.31,1510.58
19424,2022-10-15 16:30:00,Bundesliga,RasenBallsport Leipzig,Hertha Berlin,1509.89,1475.11
19426,2022-10-16 13:30:00,Bundesliga,FC Cologne,Augsburg,1516.36,1492.46
19425,2022-10-16 15:30:00,Bundesliga,Union Berlin,Borussia Dortmund,1553.39,1507.45
19423,2022-10-16 17:30:00,Bundesliga,Bayern Munich,Freiburg,1534.64,1526.55
19435,2022-10-21 18:30:00,Bundesliga,Mainz 05,FC Cologne,1519.74,1507.2
19432,2022-10-22 13:30:00,Bundesliga,Borussia Dortmund,VfB Stuttgart,1515.42,1463.01
19433,2022-10-22 13:30:00,Bundesliga,Bayer Leverkusen,Wolfsburg,1465.89,1485.98
19434,2022-10-22 13:30:00,Bundesliga,Freiburg,Werder Bremen,1535.0,1498.86
19436,2022-10-22 13:30:00,Bundesliga,Hoffenheim,Bayern Munich,1506.2,1545.13
19439,2022-10-22 13:30:00,Bundesliga,Augsburg,RasenBallsport Leipzig,1491.95,1510.4
19437,2022-10-22 16:30:00,Bundesliga,Borussia M.Gladbach,Eintracht Frankfurt,1506.96,1526.77
19438,2022-10-23 13:30:00,Bundesliga,Bochum,Union Berlin,1452.36,1541.17
19440,2022-10-23 15:30:00,Bundesliga,Hertha Berlin,Schalke 04,1483.47,1444.47
19449,2022-10-28 18:30:00,Bundesliga,Werder Bremen,Hertha Berlin,1507.42,1474.91
19441,2022-10-29 13:30:00,Bundesliga,Bayern Munich,Mainz 05,1553.41,1511.46
19442,2022-10-29 13:30:00,Bundesliga,RasenBallsport Leipzig,Bayer Leverkusen,1518.15,1458.14
19446,2022-10-29 13:30:00,Bundesliga,Wolfsburg,Bochum,1494.03,1444.31
19447,2022-10-29 13:30:00,Bundesliga,VfB Stuttgart,Augsburg,1472.84,1482.13
19445,2022-10-29 16:30:00,Bundesliga,Eintracht Frankfurt,Borussia Dortmund,1515.44,1526.75
19443,2022-10-30 14:30:00,Bundesliga,Union Berlin,Borussia M.Gladbach,1549.21,1498.92
19448,2022-10-30 16:30:00,Bundesliga,Schalke 04,Freiburg,1436.05,1543.42
19444,2022-10-30 18:30:00,Bundesliga,FC Cologne,Hoffenheim,1506.17,1507.24
19453,2022-11-04 18:30:00,Bundesliga,Borussia M.Gladbach,VfB Stuttgart,1507.18,1464.58
19451,2022-11-05 14:30:00,Bundesliga,Mainz 05,Wolfsburg,1499.97,1505.53
19452,2022-11-05 14:30:00,Bundesliga,Hoffenheim,RasenBallsport Leipzig,1496.54,1528.84
19454,2022-11-05 14:30:00,Bundesliga,Augsburg,Eintracht Frankfurt,1472.08,1525.49
19455,2022-11-05 14:30:00,Bundesliga,Hertha Berlin,Bayern Munich,1466.16,1562.16
19457,2022-11-05 14:30:00,Bundesliga,Borussia Dortmund,Bochum,1533.49,1437.57
19456,2022-11-05 17:30:00,Bundesliga,Werder Bremen,Schalke 04,1514.45,1429.02
19458,2022-11-06 14:30:00,Bundesliga,Bayer Leverkusen,Union Berlin,1469.74,1537.61
19450,2022-11-06 16:30:00,Bundesliga,Freiburg,FC Cologne,1551.37,1498.22
19464,2022-11-08 17:30:00,Bundesliga,Wolfsburg,Borussia Dortmund,1515.33,1523.69
19459,2022-11-08 19:30:00,Bundesliga,Bayern Munich,Werder Bremen,1569.83,1506.79
19465,2022-11-08 19:30:00,Bundesliga,Bochum,Borussia M.Gladbach,1448.56,1496.19
19466,2022-11-08 19:30:00,Bundesliga,VfB Stuttgart,Hertha Berlin,1473.62,1457.12
19462,2022-11-09 17:30:00,Bundesliga,FC Cologne,Bayer Leverkusen,1486.41,1481.55
19460,2022-11-09 19:30:00,Bundesliga,RasenBallsport Leipzig,Freiburg,1538.48,1541.73
19461,2022-11-09 19:30:00,Bundesliga,Union Berlin,Augsburg,1534.79,1474.9
19463,2022-11-09 19:30:00,Bundesliga,Eintracht Frankfurt,Hoffenheim,1533.67,1488.36
19467,2022-11-09 19:30:00,Bundesliga,Schalke 04,Mainz 05,1440.05,1488.94
19472,2022-11-11 19:30:00,Bundesliga,Borussia M.Gladbach,Borussia Dortmund,1505.98,1513.91
19468,2022-11-12 14:30:00,Bundesliga,Bayer Leverkusen,VfB Stuttgart,1490.32,1464.85
19471,2022-11-12 14:30:00,Bundesliga,Hoffenheim,Wolfsburg,1478.13,1525.56
19473,2022-11-12 14:30:00,Bundesliga,Augsburg,Bochum,1463.15,1460.31
19474,2022-11-12 14:30:00,Bundesliga,Hertha Berlin,FC Cologne,1466.95,1476.57
19476,2022-11-12 14:30:00,Bundesliga,Werder Bremen,RasenBallsport Leipzig,1496.69,1548.57
19475,2022-11-12 17:30:00,Bundesliga,Schalke 04,Bayern Munich,1432.71,1577.16
19470,2022-11-13 14:30:00,Bundesliga,Mainz 05,Eintracht Frankfurt,1489.22,1533.39
19469,2022-11-13 16:30:00,Bundesliga,Freiburg,Union Berlin,1550.53,1525.99
19478,2023-01-20 19:30:00,Bundesliga,RasenBallsport Leipzig,Bayern Munich,1548.39,1577.35
19479,2023-01-21 14:30:00,Bundesliga,Union Berlin,Hoffenheim,1533.65,1470.47
19482,2023-01-21 14:30:00,Bundesliga,Eintracht Frankfurt,Schalke 04,1539.67,1426.43
19483,2023-01-21 14:30:00,Bundesliga,Wolfsburg,Freiburg,1535.27,1540.81
19484,2023-01-21 14:30:00,Bundesliga,Bochum,Hertha Berlin,1469.49,1457.77
19485,2023-01-21 14:30:00,Bundesliga,VfB Stuttgart,Mainz 05,1464.54,1489.52
19480,2023-01-21 17:30:00,Bundesliga,FC Cologne,Werder Bremen,1486.14,1487.12
19477,2023-01-22 14:30:00,Bundesliga,Borussia Dortmund,Augsburg,1521.49,1455.57
19481,2023-01-22 16:30:00,Bundesliga,Borussia M.Gladbach,Bayer Leverkusen,1494.53,1501.76
19493,2023-01-24 17:30:00,Bundesliga,Schalke 04,RasenBallsport Leipzig,1418.88,1555.94
19486,2023-01-24 19:30:00,Bundesliga,Bayern Munich,FC Cologne,1573.87,1489.63
19490,2023-01-24 19:30:00,Bundesliga,Hoffenheim,VfB Stuttgart,1469.3,1465.72
19492,2023-01-24 19:30:00,Bundesliga,Hertha Berlin,Wolfsburg,1448.99,1544.05
19489,2023-01-25 17:30:00,Bundesliga,Mainz 05,Borussia Dortmund,1479.43,1531.58
19487,2023-01-25 19:30:00,Bundesliga,Bayer Leverkusen,Bochum,1509.85,1461.41
19488,2023-01-25 19:30:00,Bundesliga,Freiburg,Eintracht Frankfurt,1539.78,1540.71
19491,2023-01-25 19:30:00,Bundesliga,Augsburg,Borussia M.Gladbach,1465.68,1484.41
19494,2023-01-25 19:30:00,Bundesliga,Werder Bremen,Union Berlin,1477.45,1543.32
19497,2023-01-27 19:30:00,Bundesliga,RasenBallsport Leipzig,VfB Stuttgart,1562.48,1459.17
19498,2023-01-28 14:30:00,Bundesliga,Freiburg,Augsburg,1546.74,1458.72
19499,2023-01-28 14:30:00,Bundesliga,Mainz 05,Bochum,1487.92,1452.92
19500,2023-01-28 14:30:00,Bundesliga,Hoffenheim,Borussia M.Gladbach,1458.73,1494.99
19501,2023-01-28 14:30:00,Bundesliga,Hertha Berlin,Union Berlin,1440.68,1551.63
19503,2023-01-28 14:30:00,Bundesliga,Werder Bremen,Wolfsburg,1488.36,1533.15
19495,2023-01-28 17:30:00,Bundesliga,Bayern Munich,Eintracht Frankfurt,1571.93,1542.65
19502,2023-01-29 14:30:00,Bundesliga,Schalke 04,FC Cologne,1419.91,1488.6
19496,2023-01-29 16:30:00,Bundesliga,Bayer Leverkusen,Borussia Dortmund,1499.47,1541.96
19511,2023-02-03 19:30:00,Bundesliga,Augsburg,Bayer Leverkusen,1468.89,1489.3
19504,2023-02-04 14:30:00,Bundesliga,Borussia Dortmund,Freiburg,1551.09,1537.61
19505,2023-02-04 14:30:00,Bundesliga,Union Berlin,Mainz 05,1558.86,1480.69
19506,2023-02-04 14:30:00,Bundesliga,FC Cologne,RasenBallsport Leipzig,1489.71,1561.37
19508,2023-02-04 14:30:00,Bundesliga,Eintracht Frankfurt,Hertha Berlin,1548.9,1434.43
19510,2023-02-04 14:30:00,Bundesliga,Bochum,Hoffenheim,1462.08,1449.57
19507,2023-02-04 17:30:00,Bundesliga,Borussia M.Gladbach,Schalke 04,1491.92,1422.97
19512,2023-02-05 14:30:00,Bundesliga,VfB Stuttgart,Werder Bremen,1449.0,1498.53
19509,2023-02-05 16:30:00,Bundesliga,Wolfsburg,Bayern Munich,1523.26,1581.82
19520,2023-02-10 19:30:00,Bundesliga,Schalke 04,Wolfsburg,1424.83,1521.4
19513,2023-02-11 14:30:00,Bundesliga,Bayern Munich,Bochum,1587.64,1456.26
19515,2023-02-11 14:30:00,Bundesliga,Freiburg,VfB Stuttgart,1544.19,1442.42
19517,2023-02-11 14:30:00,Bundesliga,Mainz 05,Augsburg,1489.35,1460.23
19518,2023-02-11 14:30:00,Bundesliga,Hoffenheim,Bayer Leverkusen,1439.7,1499.17
19521,2023-02-11 14:30:00,Bundesliga,Werder Bremen,Borussia Dortmund,1489.03,1560.59
19514,2023-02-11 17:30:00,Bundesliga,RasenBallsport Leipzig,Union Berlin,1550.29,1569.94
19519,2023-02-12 14:30:00,Bundesliga,Hertha Berlin,Borussia M.Gladbach,1445.07,1481.27
19516,2023-02-12 16:30:00,Bundesliga,FC Cologne,Eintracht Frankfurt,1500.41,1538.2
19529,2023-02-17 19:30:00,Bundesliga,Augsburg,Hoffenheim,1468.64,1431.29
19525,2023-02-18 14:30:00,Bundesliga,Borussia M.Gladbach,Bayern Munich,1493.3,1575.62
19527,2023-02-18 14:30:00,Bundesliga,Wolfsburg,RasenBallsport Leipzig,1511.22,1560.47
19528,2023-02-18 14:30:00,Bundesliga,Bochum,Freiburg,1447.78,1552.68
19530,2023-02-18 14:30:00,Bundesliga,VfB Stuttgart,FC Cologne,1453.08,1489.75
19526,2023-02-18 17:30:00,Bundesliga,Eintracht Frankfurt,Werder Bremen,1545.83,1481.41
19524,2023-02-19 14:30:00,Bundesliga,Union Berlin,Schalke 04,1565.17,1429.6
19522,2023-02-19 16:30:00,Bundesliga,Borussia Dortmund,Hertha Berlin,1566.51,1439.15
19523,2023-02-19 18:30:00,Bundesliga,Bayer Leverkusen,Mainz 05,1487.89,1500.63
19535,2023-02-24 19:30:00,Bundesliga,Mainz 05,Borussia M.Gladbach,1509.42,1484.51
19532,2023-02-25 14:30:00,Bundesliga,RasenBallsport Leipzig,Eintracht Frankfurt,1569.05,1537.24
19534,2023-02-25 14:30:00,Bundesliga,FC Cologne,Wolfsburg,1479.36,1521.61
19536,2023-02-25 14:30:00,Bundesliga,Hoffenheim,Borussia Dortmund,1424.1,1573.7
19537,2023-02-25 14:30:00,Bundesliga,Hertha Berlin,Augsburg,1448.99,1458.8
19539,2023-02-25 14:30:00,Bundesliga,Werder Bremen,Bochum,1489.46,1439.73
19538,2023-02-25 17:30:00,Bundesliga,Schalke 04,VfB Stuttgart,1439.26,1443.41
19533,2023-02-26 14:30:00,Bundesliga,Freiburg,Bayer Leverkusen,1549.88,1490.68
19531,2023-02-26 16:30:00,Bundesliga,Bayern Munich,Union Berlin,1584.31,1556.47
19540,2023-03-03 19:30:00,Bundesliga,Borussia Dortmund,RasenBallsport Leipzig,1582.56,1560.19
19542,2023-03-04 14:30:00,Bundesliga,Union Berlin,FC Cologne,1553.36,1482.48
19543,2023-03-04 14:30:00,Bundesliga,Mainz 05,Hoffenheim,1516.09,1417.43
19544,2023-03-04 14:30:00,Bundesliga,Borussia M.Gladbach,Freiburg,1485.38,1549.01
19546,2023-03-04 14:30:00,Bundesliga,Bochum,Schalke 04,1428.71,1450.28
19547,2023-03-04 14:30:00,Bundesliga,Augsburg,Werder Bremen,1468.68,1479.58
19548,2023-03-04 17:30:00,Bundesliga,VfB Stuttgart,Bayern Munich,1436.37,1591.36
19541,2023-03-05 14:30:00,Bundesliga,Bayer Leverkusen,Hertha Berlin,1498.51,1441.17
19545,2023-03-05 16:30:00,Bundesliga,Wolfsburg,Eintracht Frankfurt,1521.05,1537.8
19552,2023-03-10 19:30:00,Bundesliga,FC Cologne,Bochum,1469.98,1441.21
19549,2023-03-11 14:30:00,Bundesliga,Bayern Munich,Augsburg,1597.11,1462.93
19550,2023-03-11 14:30:00,Bundesliga,RasenBallsport Leipzig,Borussia M.Gladbach,1567.13,1478.44
19553,2023-03-11 14:30:00,Bundesliga,Eintracht Frankfurt,VfB Stuttgart,1534.06,1440.11
19555,2023-03-11 14:30:00,Bundesliga,Hertha Berlin,Mainz 05,1442.31,1514.94
19556,2023-03-11 17:30:00,Bundesliga,Schalke 04,Borussia Dortmund,1453.01,1579.83
19551,2023-03-12 14:30:00,Bundesliga,Freiburg,Hoffenheim,1554.55,1411.89
19557,2023-03-12 16:30:00,Bundesliga,Werder Bremen,Bayer Leverkusen,1469.12,1508.97
19554,2023-03-12 18:30:00,Bundesliga,Wolfsburg,Union Berlin,1520.98,1553.43
19563,2023-03-17 19:30:00,Bundesliga,Borussia M.Gladbach,Werder Bremen,1477.17,1470.39
19562,2023-03-18 14:30:00,Bundesliga,Hoffenheim,Hertha Berlin,1421.75,1432.44
19564,2023-03-18 14:30:00,Bundesliga,Bochum,RasenBallsport Leipzig,1453.77,1554.57
19565,2023-03-18 14:30:00,Bundesliga,Augsburg,Schalke 04,1461.64,1454.3
19566,2023-03-18 14:30:00,Bundesliga,VfB Stuttgart,Wolfsburg,1431.42,1529.66
19558,2023-03-18 17:30:00,Bundesliga,Borussia Dortmund,FC Cologne,1585.89,1463.92
19560,2023-03-19 14:30:00,Bundesliga,Union Berlin,Eintracht Frankfurt,1561.88,1525.62
19559,2023-03-19 16:30:00,Bundesliga,Bayer Leverkusen,Bayern Munich,1520.49,1585.59
19561,2023-03-19 18:30:00,Bundesliga,Mainz 05,Freiburg,1515.08,1554.42
19570,2023-03-31 19:30:00,Bundesliga,Eintracht Frankfurt,Bochum,1522.63,1456.75
19567,2023-04-01 13:30:00,Bundesliga,Union Berlin,VfB Stuttgart,1567.45,1425.85
19568,2023-04-01 13:30:00,Bundesliga,Freiburg,Hertha Berlin,1550.19,1436.68
19571,2023-04-01 13:30:00,Bundesliga,Wolfsburg,Augsburg,1526.78,1464.52
19572,2023-04-01 13:30:00,Bundesliga,Schalke 04,Bayer Leverkusen,1445.19,1529.59
19575,2023-04-01 13:30:00,Bundesliga,RasenBallsport Leipzig,Mainz 05,1542.46,1527.19
19574,2023-04-01 16:30:00,Bundesliga,Bayern Munich,Borussia Dortmund,1594.59,1576.89
19569,2023-04-02 13:30:00,Bundesliga,FC Cologne,Borussia M.Gladbach,1463.3,1477.8
19573,2023-04-02 15:30:00,Bundesliga,Werder Bremen,Hoffenheim,1458.03,1434.12
19576,2023-04-08 13:30:00,Bundesliga,Borussia Dortmund,Union Berlin,1585.61,1558.72
19577,2023-04-08 13:30:00,Bundesliga,Bayer Leverkusen,Eintracht Frankfurt,1538.39,1513.84
19578,2023-04-08 13:30:00,Bundesliga,Freiburg,Bayern Munich,1540.46,1604.32
19579,2023-04-08 13:30:00,Bundesliga,Mainz 05,Werder Bremen,1524.28,1460.94
19583,2023-04-08 13:30:00,Bundesliga,Augsburg,FC Cologne,1453.48,1474.34
19584,2023-04-08 16:30:00,Bundesliga,Hertha Berlin,RasenBallsport Leipzig,1428.69,1550.45
19581,2023-04-09 13:30:00,Bundesliga,Borussia M.Gladbach,Wolfsburg,1488.2,1516.38
19582,2023-04-09 15:30:00,Bundesliga,Bochum,VfB Stuttgart,1444.88,1437.72
19580,2023-04-09 17:30:00,Bundesliga,Hoffenheim,Schalke 04,1443.43,1435.88
19592,2023-04-14 18:30:00,Bundesliga,Schalke 04,Hertha Berlin,1444.67,1419.89
19585,2023-04-15 13:30:00,Bundesliga,Bayern Munich,Hoffenheim,1599.22,1448.54
19586,2023-04-15 13:30:00,Bundesliga,RasenBallsport Leipzig,Augsburg,1556.82,1447.11
19588,2023-04-15 13:30:00,Bundesliga,FC Cologne,Mainz 05,1474.77,1523.85
19591,2023-04-15 13:30:00,Bundesliga,VfB Stuttgart,Borussia Dortmund,1440.86,1582.47
19589,2023-04-15 16:30:00,Bundesliga,Eintracht Frankfurt,Borussia M.Gladbach,1512.11,1489.93
19593,2023-04-16 13:30:00,Bundesliga,Werder Bremen,Freiburg,1452.21,1549.18
19587,2023-04-16 15:30:00,Bundesliga,Union Berlin,Bochum,1554.68,1448.92
19590,2023-04-16 17:30:00,Bundesliga,Wolfsburg,Bayer Leverkusen,1516.01,1538.77
19601,2023-04-21 18:30:00,Bundesliga,Augsburg,VfB Stuttgart,1445.93,1442.05
19597,2023-04-22 13:30:00,Bundesliga,Mainz 05,Bayern Munich,1535.0,1588.06
19598,2023-04-22 13:30:00,Bundesliga,Hoffenheim,FC Cologne,1438.28,1485.02
19600,2023-04-22 13:30:00,Bundesliga,Bochum,Wolfsburg,1439.84,1525.09
19602,2023-04-22 13:30:00,Bundesliga,Hertha Berlin,Werder Bremen,1409.82,1462.29
19594,2023-04-22 16:30:00,Bundesliga,Borussia Dortmund,Eintracht Frankfurt,1589.53,1505.05
19596,2023-04-23 13:30:00,Bundesliga,Freiburg,Schalke 04,1555.37,1438.48
19595,2023-04-23 15:30:00,Bundesliga,Bayer Leverkusen,RasenBallsport Leipzig,1548.28,1547.31
19599,2023-04-23 17:30:00,Bundesliga,Borussia M.Gladbach,Union Berlin,1480.78,1563.83
19609,2023-04-28 18:30:00,Bundesliga,Bochum,Borussia Dortmund,1443.02,1586.34
19604,2023-04-29 13:30:00,Bundesliga,RasenBallsport Leipzig,Hoffenheim,1553.38,1432.21
19605,2023-04-29 13:30:00,Bundesliga,Union Berlin,Bayer Leverkusen,1562.38,1549.72
19606,2023-04-29 13:30:00,Bundesliga,FC Cologne,Freiburg,1476.03,1564.36
19607,2023-04-29 13:30:00,Bundesliga,Eintracht Frankfurt,Augsburg,1502.41,1448.57
19610,2023-04-29 13:30:00,Bundesliga,VfB Stuttgart,Borussia M.Gladbach,1452.15,1470.68
19611,2023-04-29 16:30:00,Bundesliga,Schalke 04,Werder Bremen,1448.16,1452.61
19603,2023-04-30 13:30:00,Bundesliga,Bayern Munich,Hertha Berlin,1592.59,1405.28
19608,2023-04-30 15:30:00,Bundesliga,Wolfsburg,Mainz 05,1534.37,1525.72
19613,2023-05-05 18:30:00,Bundesliga,Bayer Leverkusen,FC Cologne,1536.69,1489.06
19615,2023-05-05 18:30:00,Bundesliga,Mainz 05,Schalke 04,1512.59,1461.29
19614,2023-05-06 13:30:00,Bundesliga,Freiburg,RasenBallsport Leipzig,1553.04,1564.7
19616,2023-05-06 13:30:00,Bundesliga,Hoffenheim,Eintracht Frankfurt,1443.22,1491.4
19617,2023-05-06 13:30:00,Bundesliga,Borussia M.Gladbach,Bochum,1478.89,1434.81
19618,2023-05-06 13:30:00,Bundesliga,Augsburg,Union Berlin,1460.8,1550.15
19619,2023-05-06 13:30:00,Bundesliga,Hertha Berlin,VfB Stuttgart,1415.63,1441.81
19620,2023-05-06 16:30:00,Bundesliga,Werder Bremen,Bayern Munich,1445.55,1599.66
19612,2023-05-07 15:30:00,Bundesliga,Borussia Dortmund,Wolfsburg,1593.89,1526.82
19625,2023-05-12 18:30:00,Bundesliga,FC Cologne,Hertha Berlin,1496.04,1408.65
19621,2023-05-13 13:30:00,Bundesliga,Bayern Munich,Schalke 04,1605.04,1455.91
19624,2023-05-13 13:30:00,Bundesliga,Union Berlin,Freiburg,1559.23,1543.96
19626,2023-05-13 13:30:00,Bundesliga,Eintracht Frankfurt,Mainz 05,1501.0,1502.99
19627,2023-05-13 13:30:00,Bundesliga,Wolfsburg,Hoffenheim,1533.53,1436.5
19628,2023-05-13 13:30:00,Bundesliga,Bochum,Augsburg,1444.55,1451.06
19622,2023-05-13 16:30:00,Bundesliga,Borussia Dortmund,Borussia M.Gladbach,1599.82,1472.96
19629,2023-05-14 13:30:00,Bundesliga,VfB Stuttgart,Bayer Leverkusen,1443.52,1534.99
19623,2023-05-14 15:30:00,Bundesliga,RasenBallsport Leipzig,Werder Bremen,1570.53,1439.71
19632,2023-05-19 18:30:00,Bundesliga,Freiburg,Wolfsburg,1552.66,1524.83
19634,2023-05-20 13:30:00,Bundesliga,Hoffenheim,Union Berlin,1448.98,1546.76
19636,2023-05-20 13:30:00,Bundesliga,Hertha Berlin,Bochum,1408.68,1444.52
19637,2023-05-20 13:30:00,Bundesliga,Schalke 04,Eintracht Frankfurt,1456.2,1500.71
19638,2023-05-20 13:30:00,Bundesliga,Werder Bremen,FC Cologne,1440.33,1495.43
19630,2023-05-20 16:30:00,Bundesliga,Bayern Munich,RasenBallsport Leipzig,1593.07,1582.51
19633,2023-05-21 13:30:00,Bundesliga,Mainz 05,VfB Stuttgart,1490.34,1456.17
19635,2023-05-21 15:30:00,Bundesliga,Augsburg,Borussia Dortmund,1444.22,1606.66
19631,2023-05-21 17:30:00,Bundesliga,Bayer Leverkusen,Borussia M.Gladbach,1532.26,1475.68
19639,2023-05-27 13:30:00,Bundesliga,Borussia Dortmund,Mainz 05,1602.56,1494.44
19640,2023-05-27 13:30:00,Bundesliga,RasenBallsport Leipzig,Schalke 04,1588.17,1450.53
19641,2023-05-27 13:30:00,Bundesliga,Union Berlin,Werder Bremen,1552.9,1434.19
19642,2023-05-27 13:30:00,Bundesliga,FC Cologne,Bayern Munich,1487.21,1601.29
19643,2023-05-27 13:30:00,Bundesliga,Borussia M.Gladbach,Augsburg,1483.79,1436.11
19644,2023-05-27 13:30:00,Bundesliga,Eintracht Frankfurt,Freiburg,1511.2,1542.17
19645,2023-05-27 13:30:00,Bundesliga,Wolfsburg,Hertha Berlin,1510.74,1422.77
19646,2023-05-27 13:30:00,Bundesliga,Bochum,Bayer Leverkusen,1456.03,1520.76
19647,2023-05-27 13:30:00,Bundesliga,VfB Stuttgart,Hoffenheim,1454.96,1450.18
23065,2023-08-18 18:30:00,Bundesliga,Werder Bremen,Bayern Munich,1427.81,1607.66
23066,2023-08-19 13:30:00,Bundesliga,Bayer Leverkusen,RasenBallsport Leipzig,1531.69,1577.24
23067,2023-08-19 13:30:00,Bundesliga,Wolfsburg,FC Heidenheim,1519.43,1491.31
23068,2023-08-19 13:30:00,Bundesliga,Hoffenheim,Freiburg,1441.81,1550.55
23069,2023-08-19 13:30:00,Bundesliga,Augsburg,Borussia M.Gladbach,1436.48,1483.43
23070,2023-08-19 13:30:00,Bundesliga,VfB Stuttgart,Bochum,1463.99,1447.0
23071,2023-08-19 16:30:00,Bundesliga,Borussia Dortmund,FC Cologne,1608.49,1481.29
23072,2023-08-20 13:30:00,Bundesliga,Union Berlin,Mainz 05,1560.27,1487.06
23073,2023-08-20 15:30:00,Bundesliga,Eintracht Frankfurt,Darmstadt,1519.88,1491.32
23074,2023-08-25 18:30:00,Bundesliga,RasenBallsport Leipzig,VfB Stuttgart,1583.22,1458.02
23075,2023-08-26 13:30:00,Bundesliga,Freiburg,Werder Bremen,1556.3,1422.07
23076,2023-08-26 13:30:00,Bundesliga,FC Cologne,Wolfsburg,1471.38,1529.34
23077,2023-08-26 13:30:00,Bundesliga,Bochum,Borussia Dortmund,1450.49,1605.0
23078,2023-08-26 13:30:00,Bundesliga,FC Heidenheim,Hoffenheim,1478.92,1454.2
23079,2023-08-26 13:30:00,Bundesliga,Darmstadt,Union Berlin,1482.3,1569.3
23080,2023-08-26 16:30:00,Bundesliga,Borussia M.Gladbach,Bayer Leverkusen,1473.81,1541.31
23081,2023-08-27 13:30:00,Bundesliga,Mainz 05,Eintracht Frankfurt,1487.0,1519.94
23082,2023-08-27 15:30:00,Bundesliga,Bayern Munich,Augsburg,1612.33,1431.8
23083,2023-09-01 18:30:00,Bundesliga,Borussia Dortmund,FC Heidenheim,1600.67,1483.25
23084,2023-09-02 13:30:00,Bundesliga,Bayer Leverkusen,Darmstadt,1548.66,1474.94
23085,2023-09-02 13:30:00,Bundesliga,Hoffenheim,Wolfsburg,1465.35,1518.19
23086,2023-09-02 13:30:00,Bundesliga,Werder Bremen,Mainz 05,1432.93,1476.14
23087,2023-09-02 13:30:00,Bundesliga,Augsburg,Bochum,1431.33,1450.96
23088,2023-09-02 13:30:00,Bundesliga,VfB Stuttgart,Freiburg,1469.82,1544.5
23089,2023-09-02 16:30:00,Bundesliga,Borussia M.Gladbach,Bayern Munich,1466.7,1619.44
23090,2023-09-03 13:30:00,Bundesliga,Eintracht Frankfurt,FC Cologne,1517.58,1473.74
23091,2023-09-03 15:30:00,Bundesliga,Union Berlin,RasenBallsport Leipzig,1558.69,1593.82
23092,2023-09-15 18:30:00,Bundesliga,Bayern Munich,Bayer Leverkusen,1616.49,1551.62
23093,2023-09-16 13:30:00,Bundesliga,RasenBallsport Leipzig,Augsburg,1598.68,1426.47
23094,2023-09-16 13:30:00,Bundesliga,Freiburg,Borussia Dortmund,1535.1,1610.06
23095,2023-09-16 13:30:00,Bundesliga,Wolfsburg,Union Berlin,1528.34,1548.53
23096,2023-09-16 13:30:00,Bundesliga,Mainz 05,VfB Stuttgart,1464.96,1481.0
23097,2023-09-16 13:30:00,Bundesliga,FC Cologne,Hoffenheim,1462.49,1476.59
23098,2023-09-16 16:30:00,Bundesliga,Bochum,Eintracht Frankfurt,1451.87,1516.67
23099,2023-09-17 13:30:00,Bundesliga,FC Heidenheim,Werder Bremen,1490.85,1425.33
23100,2023-09-17 15:30:00,Bundesliga,Darmstadt,Borussia M.Gladbach,1473.7,1467.94
23101,2023-09-22 18:30:00,Bundesliga,VfB Stuttgart,Darmstadt,1489.79,1464.91
23102,2023-09-23 13:30:00,Bundesliga,Augsburg,Mainz 05,1436.57,1454.86
23103,2023-09-23 13:30:00,Bundesliga,Borussia M.Gladbach,RasenBallsport Leipzig,1460.63,1605.99
23104,2023-09-23 13:30:00,Bundesliga,Bayern Munich,Bochum,1621.3,1447.05
23105,2023-09-23 13:30:00,Bundesliga,Borussia Dortmund,Wolfsburg,1616.82,1521.58
23106,2023-09-23 13:30:00,Bundesliga,Union Berlin,Hoffenheim,1535.55,1489.57
23107,2023-09-23 16:30:00,Bundesliga,Werder Bremen,FC Cologne,1435.4,1452.43
23108,2023-09-24 13:30:00,Bundesliga,Bayer Leverkusen,FC Heidenheim,1558.93,1483.53
23109,2023-09-24 15:30:00,Bundesliga,Eintracht Frankfurt,Freiburg,1516.19,1535.58
23110,2023-09-29 18:30:00,Bundesliga,Hoffenheim,Borussia Dortmund,1482.17,1624.23
23111,2023-09-30 13:30:00,Bundesliga,Bochum,Borussia M.Gladbach,1436.44,1471.24
23112,2023-09-30 13:30:00,Bundesliga,FC Heidenheim,Union Berlin,1494.02,1525.06
23113,2023-09-30 13:30:00,Bundesliga,Wolfsburg,Eintracht Frankfurt,1530.43,1507.35
23114,2023-09-30 13:30:00,Bundesliga,Mainz 05,Bayer Leverkusen,1446.82,1566.97
23115,2023-09-30 13:30:00,Bundesliga,FC Cologne,VfB Stuttgart,1442.5,1499.72
23116,2023-09-30 16:30:00,Bundesliga,RasenBallsport Leipzig,Bayern Munich,1605.43,1621.87
23117,2023-10-01 13:30:00,Bundesliga,Darmstadt,Werder Bremen,1473.08,1427.23
23118,2023-10-01 15:30:00,Bundesliga,Freiburg,Augsburg,1541.9,1430.25
23119,2023-10-06 18:30:00,Bundesliga,Borussia M.Gladbach,Mainz 05,1469.55,1448.51
23120,2023-10-07 13:30:00,Bundesliga,Borussia Dortmund,Union Berlin,1630.55,1518.74
23121,2023-10-07 13:30:00,Bundesliga,RasenBallsport Leipzig,Bochum,1600.15,1441.72
23122,2023-10-07 13:30:00,Bundesliga,Augsburg,Darmstadt,1420.48,1482.85
23123,2023-10-07 13:30:00,Bundesliga,VfB Stuttgart,Wolfsburg,1509.6,1520.55
23124,2023-10-07 16:30:00,Bundesliga,Werder Bremen,Hoffenheim,1417.81,1491.59
23125,2023-10-08 13:30:00,Bundesliga,Bayer Leverkusen,FC Cologne,1572.67,1436.79
23126,2023-10-08 15:30:00,Bundesliga,Bayern Munich,Freiburg,1628.67,1535.1
23127,2023-10-08 17:30:00,Bundesliga,Eintracht Frankfurt,FC Heidenheim,1515.97,1485.41
23128,2023-10-20 18:30:00,Bundesliga,Borussia Dortmund,Werder Bremen,1634.42,1413.93
23129,2023-10-21 13:30:00,Bundesliga,Union Berlin,VfB Stuttgart,1507.48,1520.86
23130,2023-10-21 13:30:00,Bundesliga,Freiburg,Bochum,1541.56,1435.25
23131,2023-10-21 13:30:00,Bundesliga,Wolfsburg,Bayer Leverkusen,1511.04,1582.18
23132,2023-10-21 13:30:00,Bundesliga,Hoffenheim,Eintracht Frankfurt,1481.29,1526.28
23133,2023-10-21 13:30:00,Bundesliga,Darmstadt,RasenBallsport Leipzig,1475.18,1607.82
23134,2023-10-21 16:30:00,Bundesliga,Mainz 05,Bayern Munich,1442.46,1634.72
23135,2023-10-22 13:30:00,Bundesliga,FC Cologne,Borussia M.Gladbach,1446.73,1459.62
23136,2023-10-22 15:30:00,Bundesliga,FC Heidenheim,Augsburg,1472.61,1433.28
23143,2023-10-27 18:30:00,Bundesliga,Bochum,Mainz 05,1434.45,1443.26
23137,2023-10-28 13:30:00,Bundesliga,Bayern Munich,Darmstadt,1639.64,1470.25
23141,2023-10-28 13:30:00,Bundesliga,Borussia M.Gladbach,FC Heidenheim,1468.98,1463.24
23142,2023-10-28 13:30:00,Bundesliga,Werder Bremen,Union Berlin,1425.6,1495.81
23144,2023-10-28 13:30:00,Bundesliga,Augsburg,Wolfsburg,1444.5,1499.82
23145,2023-10-28 13:30:00,Bundesliga,VfB Stuttgart,Hoffenheim,1508.75,1493.4
23138,2023-10-28 16:30:00,Bundesliga,RasenBallsport Leipzig,FC Cologne,1612.71,1441.84
23140,2023-10-29 14:30:00,Bundesliga,Eintracht Frankfurt,Borussia Dortmund,1528.35,1632.35
23139,2023-10-29 16:30:00,Bundesliga,Bayer Leverkusen,Freiburg,1590.04,1533.7
23154,2023-11-03 19:30:00,Bundesliga,Darmstadt,Bochum,1458.24,1446.46
23147,2023-11-04 14:30:00,Bundesliga,Union Berlin,Eintracht Frankfurt,1485.74,1538.42
23148,2023-11-04 14:30:00,Bundesliga,Freiburg,Borussia M.Gladbach,1530.91,1471.78
23150,2023-11-04 14:30:00,Bundesliga,Mainz 05,RasenBallsport Leipzig,1456.95,1599.02
23151,2023-11-04 14:30:00,Bundesliga,FC Cologne,Augsburg,1440.91,1445.43
23152,2023-11-04 14:30:00,Bundesliga,Hoffenheim,Bayer Leverkusen,1485.16,1598.28
23146,2023-11-04 17:30:00,Bundesliga,Borussia Dortmund,Bayern Munich,1621.55,1650.44
23149,2023-11-05 14:30:00,Bundesliga,Wolfsburg,Werder Bremen,1496.77,1428.64
23153,2023-11-05 16:30:00,Bundesliga,FC Heidenheim,VfB Stuttgart,1473.54,1498.45
23158,2023-11-10 19:30:00,Bundesliga,Borussia M.Gladbach,Wolfsburg,1481.49,1487.06
23155,2023-11-11 14:30:00,Bundesliga,Bayern Munich,FC Heidenheim,1655.0,1468.98
23161,2023-11-11 14:30:00,Bundesliga,Augsburg,Hoffenheim,1445.56,1485.02
23162,2023-11-11 14:30:00,Bundesliga,VfB Stuttgart,Borussia Dortmund,1510.93,1609.07
23163,2023-11-11 14:30:00,Bundesliga,Darmstadt,Mainz 05,1457.2,1457.99
23160,2023-11-11 17:30:00,Bundesliga,Bochum,FC Cologne,1445.3,1442.07
23157,2023-11-12 14:30:00,Bundesliga,Bayer Leverkusen,Union Berlin,1604.28,1479.74
23159,2023-11-12 16:30:00,Bundesliga,Werder Bremen,Eintracht Frankfurt,1430.76,1536.3
23156,2023-11-12 19:30:00,Bundesliga,RasenBallsport Leipzig,Freiburg,1606.14,1523.79
23169,2023-11-24 19:30:00,Bundesliga,FC Cologne,Bayern Munich,1436.79,1660.28
23164,2023-11-25 14:30:00,Bundesliga,Borussia Dortmund,Borussia M.Gladbach,1614.7,1475.85
23165,2023-11-25 14:30:00,Bundesliga,Union Berlin,Augsburg,1477.78,1447.53
23166,2023-11-25 14:30:00,Bundesliga,Freiburg,Darmstadt,1520.95,1460.05
23168,2023-11-25 14:30:00,Bundesliga,Wolfsburg,RasenBallsport Leipzig,1499.43,1593.77
23171,2023-11-25 14:30:00,Bundesliga,Werder Bremen,Bayer Leverkusen,1424.55,1610.49
23167,2023-11-25 17:30:00,Bundesliga,Eintracht Frankfurt,VfB Stuttgart,1524.58,1522.65
23172,2023-11-26 14:30:00,Bundesliga,FC Heidenheim,Bochum,1467.31,1446.97
23170,2023-11-26 16:30:00,Bundesliga,Hoffenheim,Mainz 05,1483.26,1459.76
23181,2023-12-01 18:30:00,Bundesliga,Darmstadt,FC Cologne,1448.39,1448.45
23174,2023-12-02 14:30:00,Bundesliga,RasenBallsport Leipzig,FC Heidenheim,1599.43,1461.65
23177,2023-12-02 14:30:00,Bundesliga,Borussia M.Gladbach,Hoffenheim,1485.06,1474.05
23178,2023-12-02 14:30:00,Bundesliga,Bochum,Wolfsburg,1457.48,1488.93
23180,2023-12-02 17:30:00,Bundesliga,VfB Stuttgart,Werder Bremen,1528.99,1418.21
23176,2023-12-03 14:30:00,Bundesliga,Mainz 05,Freiburg,1450.51,1530.2
23175,2023-12-03 16:30:00,Bundesliga,Bayer Leverkusen,Borussia Dortmund,1609.6,1615.59
23179,2023-12-03 18:30:00,Bundesliga,Augsburg,Eintracht Frankfurt,1458.73,1513.38
23187,2023-12-08 19:30:00,Bundesliga,Hoffenheim,Bochum,1482.57,1448.95
23183,2023-12-09 14:30:00,Bundesliga,Union Berlin,Borussia M.Gladbach,1486.98,1475.86
23184,2023-12-09 14:30:00,Bundesliga,Eintracht Frankfurt,Bayern Munich,1526.49,1647.17
23185,2023-12-09 14:30:00,Bundesliga,Wolfsburg,Freiburg,1479.11,1540.02
23188,2023-12-09 14:30:00,Bundesliga,Werder Bremen,Augsburg,1428.36,1448.58
23190,2023-12-09 14:30:00,Bundesliga,FC Heidenheim,Darmstadt,1470.27,1439.77
23182,2023-12-09 17:30:00,Bundesliga,Borussia Dortmund,RasenBallsport Leipzig,1604.12,1610.89
23189,2023-12-10 14:30:00,Bundesliga,VfB Stuttgart,Bayer Leverkusen,1530.3,1608.3
23186,2023-12-10 16:30:00,Bundesliga,FC Cologne,Mainz 05,1447.5,1451.45
23196,2023-12-15 19:30:00,Bundesliga,Borussia M.Gladbach,Werder Bremen,1473.53,1430.7
23195,2023-12-16 14:30:00,Bundesliga,Mainz 05,FC Heidenheim,1440.99,1480.73
23197,2023-12-16 14:30:00,Bundesliga,Bochum,Union Berlin,1459.04,1476.9
23198,2023-12-16 14:30:00,Bundesliga,Augsburg,Borussia Dortmund,1451.91,1600.79
23199,2023-12-16 14:30:00,Bundesliga,Darmstadt,Wolfsburg,1429.89,1488.99
23192,2023-12-16 17:30:00,Bundesliga,RasenBallsport Leipzig,Hoffenheim,1616.51,1476.96
23193,2023-12-17 14:30:00,Bundesliga,Freiburg,FC Cologne,1546.5,1441.02
23194,2023-12-17 16:30:00,Bundesliga,Bayer Leverkusen,Eintracht Frankfurt,1615.06,1519.73
23191,2023-12-17 18:30:00,Bundesliga,Bayern Munich,VfB Stuttgart,1653.05,1524.41
23206,2023-12-19 17:30:00,Bundesliga,Werder Bremen,RasenBallsport Leipzig,1434.78,1612.42
23200,2023-12-19 19:30:00,Bundesliga,Borussia Dortmund,Mainz 05,1595.7,1446.07
23205,2023-12-19 19:30:00,Bundesliga,Hoffenheim,Darmstadt,1474.64,1432.21
23201,2023-12-20 17:30:00,Bundesliga,Union Berlin,FC Cologne,1484.88,1433.03
23202,2023-12-20 19:30:00,Bundesliga,Bayer Leverkusen,Bochum,1620.05,1454.04
23203,2023-12-20 19:30:00,Bundesliga,Eintracht Frankfurt,Borussia M.Gladbach,1527.44,1465.82
23204,2023-12-20 19:30:00,Bundesliga,Wolfsburg,Bayern Munich,1482.54,1659.5
23207,2023-12-20 19:30:00,Bundesliga,VfB Stuttgart,Augsburg,1531.41,1444.91
23208,2023-12-20 19:30:00,Bundesliga,FC Heidenheim,Freiburg,1491.62,1535.62
23209,2024-01-12 19:30:00,Bundesliga,Bayern Munich,Hoffenheim,1663.9,1470.24
23210,2024-01-13 14:30:00,Bundesliga,RasenBallsport Leipzig,Eintracht Frankfurt,1599.1,1540.76
23211,2024-01-13 14:30:00,Bundesliga,Freiburg,Union Berlin,1533.2,1487.3
23212,2024-01-13 14:30:00,Bundesliga,Mainz 05,Wolfsburg,1446.12,1482.5
23214,2024-01-13 14:30:00,Bundesliga,FC Cologne,FC Heidenheim,1433.71,1490.94
23216,2024-01-13 14:30:00,Bundesliga,Augsburg,Bayer Leverkusen,1438.74,1626.23
23217,2024-01-13 17:30:00,Bundesliga,Darmstadt,Borussia Dortmund,1425.75,1602.16
23215,2024-01-14 14:30:00,Bundesliga,Bochum,Werder Bremen,1452.49,1436.33
23213,2024-01-14 16:30:00,Bundesliga,Borussia M.Gladbach,VfB Stuttgart,1476.7,1520.54
23220,2024-01-20 14:30:00,Bundesliga,Freiburg,Hoffenheim,1540.45,1462.98
23223,2024-01-20 14:30:00,Bundesliga,FC Cologne,Borussia Dortmund,1427.37,1608.5
23224,2024-01-20 14:30:00,Bundesliga,Bochum,VfB Stuttgart,1463.44,1509.59
23225,2024-01-20 14:30:00,Bundesliga,FC Heidenheim,Wolfsburg,1489.7,1483.74
23226,2024-01-20 14:30:00,Bundesliga,Darmstadt,Eintracht Frankfurt,1428.01,1538.49
23219,2024-01-20 17:30:00,Bundesliga,RasenBallsport Leipzig,Bayer Leverkusen,1588.87,1636.45
23218,2024-01-21 14:30:00,Bundesliga,Bayern Munich,Werder Bremen,1647.52,1452.72
23222,2024-01-21 16:30:00,Bundesliga,Borussia M.Gladbach,Augsburg,1464.63,1450.81
23173,2024-01-24 18:30:00,Bundesliga,Bayern Munich,Union Berlin,1652.42,1482.4
23230,2024-01-26 19:30:00,Bundesliga,Eintracht Frankfurt,Mainz 05,1544.98,1439.63
23231,2024-01-27 14:30:00,Bundesliga,Wolfsburg,FC Cologne,1481.17,1429.94
23232,2024-01-27 14:30:00,Bundesliga,Hoffenheim,FC Heidenheim,1462.75,1489.93
23233,2024-01-27 14:30:00,Bundesliga,Werder Bremen,Freiburg,1464.22,1528.95
23234,2024-01-27 14:30:00,Bundesliga,Augsburg,Bayern Munich,1445.27,1657.96
23235,2024-01-27 14:30:00,Bundesliga,VfB Stuttgart,RasenBallsport Leipzig,1520.85,1577.6
23229,2024-01-27 17:30:00,Bundesliga,Bayer Leverkusen,Borussia M.Gladbach,1631.11,1469.97
23228,2024-01-28 14:30:00,Bundesliga,Union Berlin,Darmstadt,1489.88,1420.53
23227,2024-01-28 16:30:00,Bundesliga,Borussia Dortmund,Bochum,1613.74,1458.2
23243,2024-02-02 19:30:00,Bundesliga,FC Heidenheim,Borussia Dortmund,1492.44,1611.24
23236,2024-02-03 14:30:00,Bundesliga,Bayern Munich,Borussia M.Gladbach,1662.3,1465.63
23238,2024-02-03 14:30:00,Bundesliga,Freiburg,VfB Stuttgart,1517.71,1532.09
23240,2024-02-03 14:30:00,Bundesliga,Mainz 05,Werder Bremen,1429.33,1474.52
23242,2024-02-03 14:30:00,Bundesliga,Bochum,Augsburg,1456.83,1446.64
23244,2024-02-03 14:30:00,Bundesliga,Darmstadt,Bayer Leverkusen,1415.19,1636.45
23241,2024-02-03 17:30:00,Bundesliga,FC Cologne,Eintracht Frankfurt,1442.21,1532.72
23239,2024-02-04 14:30:00,Bundesliga,Wolfsburg,Hoffenheim,1479.65,1464.27
23237,2024-02-04 16:30:00,Bundesliga,RasenBallsport Leipzig,Union Berlin,1584.21,1483.27
23221,2024-02-07 17:30:00,Bundesliga,Mainz 05,Union Berlin,1429.87,1482.73
23246,2024-02-09 19:30:00,Bundesliga,Borussia Dortmund,Freiburg,1617.7,1511.25
23245,2024-02-10 14:30:00,Bundesliga,Borussia M.Gladbach,Darmstadt,1463.22,1417.6
23248,2024-02-10 14:30:00,Bundesliga,Union Berlin,Wolfsburg,1491.63,1470.74
23249,2024-02-10 14:30:00,Bundesliga,Werder Bremen,FC Heidenheim,1464.03,1502.93
23251,2024-02-10 14:30:00,Bundesliga,Augsburg,RasenBallsport Leipzig,1449.51,1581.34
23252,2024-02-10 14:30:00,Bundesliga,Eintracht Frankfurt,Bochum,1529.63,1459.92
23250,2024-02-10 17:30:00,Bundesliga,Bayer Leverkusen,Bayern Munich,1646.19,1652.57
23253,2024-02-11 14:30:00,Bundesliga,VfB Stuttgart,Mainz 05,1538.33,1423.63
23247,2024-02-11 16:30:00,Bundesliga,Hoffenheim,FC Cologne,1462.64,1443.83
23258,2024-02-16 19:30:00,Bundesliga,FC Cologne,Werder Bremen,1433.41,1474.46
23256,2024-02-17 14:30:00,Bundesliga,Wolfsburg,Borussia Dortmund,1473.85,1614.58
23257,2024-02-17 14:30:00,Bundesliga,Mainz 05,Augsburg,1433.37,1439.77
23259,2024-02-17 14:30:00,Bundesliga,Hoffenheim,Union Berlin,1452.47,1501.81
23261,2024-02-17 14:30:00,Bundesliga,FC Heidenheim,Bayer Leverkusen,1495.95,1653.17
23262,2024-02-17 14:30:00,Bundesliga,Darmstadt,VfB Stuttgart,1410.02,1545.91
23254,2024-02-17 17:30:00,Bundesliga,RasenBallsport Leipzig,Borussia M.Gladbach,1587.2,1457.36
23255,2024-02-18 14:30:00,Bundesliga,Freiburg,Eintracht Frankfurt,1510.78,1530.11
23260,2024-02-18 16:30:00,Bundesliga,Bochum,Bayern Munich,1474.17,1638.32
23268,2024-02-23 19:30:00,Bundesliga,Bayer Leverkusen,Mainz 05,1656.92,1429.62
23263,2024-02-24 14:30:00,Bundesliga,VfB Stuttgart,FC Cologne,1541.91,1437.42
23265,2024-02-24 14:30:00,Bundesliga,Werder Bremen,Darmstadt,1471.67,1412.81
23266,2024-02-24 14:30:00,Bundesliga,Borussia M.Gladbach,Bochum,1466.84,1464.69
23269,2024-02-24 14:30:00,Bundesliga,Union Berlin,FC Heidenheim,1500.64,1497.12
23271,2024-02-24 17:30:00,Bundesliga,Bayern Munich,RasenBallsport Leipzig,1645.89,1579.63
23267,2024-02-25 14:30:00,Bundesliga,Eintracht Frankfurt,Wolfsburg,1527.54,1476.42
23270,2024-02-25 16:30:00,Bundesliga,Borussia Dortmund,Hoffenheim,1599.45,1467.61
23264,2024-02-25 18:30:00,Bundesliga,Augsburg,Freiburg,1450.8,1499.74
23273,2024-03-01 19:30:00,Bundesliga,Freiburg,Bayern Munich,1502.84,1642.79
23272,2024-03-02 14:30:00,Bundesliga,Union Berlin,Borussia Dortmund,1492.45,1607.63
23275,2024-03-02 14:30:00,Bundesliga,Mainz 05,Borussia M.Gladbach,1429.68,1466.77
23278,2024-03-02 14:30:00,Bundesliga,Bochum,RasenBallsport Leipzig,1456.95,1587.37
23279,2024-03-02 14:30:00,Bundesliga,FC Heidenheim,Eintracht Frankfurt,1486.98,1537.67
23280,2024-03-02 14:30:00,Bundesliga,Darmstadt,Augsburg,1402.89,1460.72
23274,2024-03-02 17:30:00,Bundesliga,Wolfsburg,VfB Stuttgart,1467.3,1551.03
23276,2024-03-03 14:30:00,Bundesliga,FC Cologne,Bayer Leverkusen,1432.28,1662.06
23277,2024-03-03 16:30:00,Bundesliga,Hoffenheim,Werder Bremen,1476.72,1462.56
23289,2024-03-08 19:30:00,Bundesliga,VfB Stuttgart,Union Berlin,1558.4,1485.08
23281,2024-03-09 14:30:00,Bundesliga,Bayern Munich,Mainz 05,1646.66,1425.81
23282,2024-03-09 14:30:00,Bundesliga,RasenBallsport Leipzig,Darmstadt,1591.77,1398.49
23285,2024-03-09 14:30:00,Bundesliga,Borussia M.Gladbach,FC Cologne,1464.8,1434.25
23288,2024-03-09 14:30:00,Bundesliga,Augsburg,FC Heidenheim,1470.47,1477.24
23286,2024-03-09 17:30:00,Bundesliga,Werder Bremen,Borussia Dortmund,1455.63,1614.56
23287,2024-03-10 14:30:00,Bundesliga,Bochum,Freiburg,1447.27,1512.52
23284,2024-03-10 16:30:00,Bundesliga,Eintracht Frankfurt,Hoffenheim,1544.98,1469.41
23283,2024-03-10 18:30:00,Bundesliga,Bayer Leverkusen,Wolfsburg,1666.26,1463.09
23295,2024-03-15 19:30:00,Bundesliga,FC Cologne,RasenBallsport Leipzig,1427.64,1598.39
23291,2024-03-16 14:30:00,Bundesliga,Union Berlin,Werder Bremen,1493.25,1447.46
23293,2024-03-16 14:30:00,Bundesliga,Wolfsburg,Augsburg,1452.29,1481.26
23294,2024-03-16 14:30:00,Bundesliga,Mainz 05,Bochum,1435.42,1437.66
23297,2024-03-16 14:30:00,Bundesliga,FC Heidenheim,Borussia M.Gladbach,1475.88,1466.16
23298,2024-03-16 14:30:00,Bundesliga,Darmstadt,Bayern Munich,1393.95,1651.19
23296,2024-03-16 17:30:00,Bundesliga,Hoffenheim,VfB Stuttgart,1460.95,1566.86
23292,2024-03-17 14:30:00,Bundesliga,Freiburg,Bayer Leverkusen,1505.81,1672.97
23290,2024-03-17 16:30:00,Bundesliga,Borussia Dortmund,Eintracht Frankfurt,1621.64,1537.9
23300,2024-03-30 14:30:00,Bundesliga,RasenBallsport Leipzig,Mainz 05,1593.23,1440.58
23301,2024-03-30 14:30:00,Bundesliga,Bayer Leverkusen,Hoffenheim,1676.86,1457.07
23302,2024-03-30 14:30:00,Bundesliga,Eintracht Frankfurt,Union Berlin,1535.65,1495.5
23303,2024-03-30 14:30:00,Bundesliga,Borussia M.Gladbach,Freiburg,1456.29,1515.68
23304,2024-03-30 14:30:00,Bundesliga,Werder Bremen,Wolfsburg,1436.59,1463.16
23299,2024-03-30 17:30:00,Bundesliga,Bayern Munich,Borussia Dortmund,1639.36,1633.48
23306,2024-03-31 14:30:00,Bundesliga,Augsburg,FC Cologne,1478.76,1430.14
23307,2024-03-31 16:30:00,Bundesliga,VfB Stuttgart,FC Heidenheim,1563.38,1479.35
23305,2024-03-31 18:30:00,Bundesliga,Bochum,Darmstadt,1435.43,1396.18
23311,2024-04-05 18:30:00,Bundesliga,Eintracht Frankfurt,Werder Bremen,1531.97,1440.27
23309,2024-04-06 13:30:00,Bundesliga,Union Berlin,Bayer Leverkusen,1489.48,1682.88
23310,2024-04-06 13:30:00,Bundesliga,Freiburg,RasenBallsport Leipzig,1506.9,1602.02
23313,2024-04-06 13:30:00,Bundesliga,Mainz 05,Darmstadt,1448.33,1388.43
23315,2024-04-06 13:30:00,Bundesliga,FC Heidenheim,Bayern Munich,1492.8,1625.91
23316,2024-04-06 13:30:00,Bundesliga,FC Cologne,Bochum,1439.28,1426.28
23308,2024-04-06 16:30:00,Bundesliga,Borussia Dortmund,VfB Stuttgart,1620.54,1576.32
23314,2024-04-07 13:30:00,Bundesliga,Hoffenheim,Augsburg,1466.68,1469.15
23312,2024-04-07 15:30:00,Bundesliga,Wolfsburg,Borussia M.Gladbach,1451.96,1467.49
23323,2024-04-12 18:30:00,Bundesliga,Augsburg,Union Berlin,1478.72,1479.9
23317,2024-04-13 13:30:00,Bundesliga,Bayern Munich,FC Cologne,1630.27,1434.92
23318,2024-04-13 13:30:00,Bundesliga,RasenBallsport Leipzig,Wolfsburg,1607.14,1446.84
23320,2024-04-13 13:30:00,Bundesliga,Mainz 05,Hoffenheim,1457.85,1457.16
23321,2024-04-13 13:30:00,Bundesliga,Borussia M.Gladbach,Borussia Dortmund,1460.76,1627.27
23322,2024-04-13 13:30:00,Bundesliga,Bochum,FC Heidenheim,1427.19,1491.9
23324,2024-04-13 16:30:00,Bundesliga,VfB Stuttgart,Eintracht Frankfurt,1584.08,1524.22
23325,2024-04-14 13:30:00,Bundesliga,Darmstadt,Freiburg,1380.78,1514.54
23319,2024-04-14 15:30:00,Bundesliga,Bayer Leverkusen,Werder Bremen,1686.25,1436.91
23329,2024-04-19 18:30:00,Bundesliga,Eintracht Frankfurt,Augsburg,1531.94,1471.0
23330,2024-04-20 13:30:00,Bundesliga,Wolfsburg,Bochum,1455.28,1418.75
23331,2024-04-20 13:30:00,Bundesliga,FC Cologne,Darmstadt,1422.41,1393.29
23332,2024-04-20 13:30:00,Bundesliga,Hoffenheim,Borussia M.Gladbach,1466.26,1451.66
23334,2024-04-20 13:30:00,Bundesliga,FC Heidenheim,RasenBallsport Leipzig,1484.17,1614.87
23327,2024-04-20 16:30:00,Bundesliga,Union Berlin,Bayern Munich,1473.11,1637.07
23333,2024-04-21 13:30:00,Bundesliga,Werder Bremen,VfB Stuttgart,1450.03,1570.95
23326,2024-04-21 15:30:00,Bundesliga,Borussia Dortmund,Bayer Leverkusen,1627.96,1685.56
23328,2024-04-21 17:30:00,Bundesliga,Freiburg,Mainz 05,1511.96,1460.43
23341,2024-04-26 18:30:00,Bundesliga,Bochum,Hoffenheim,1429.11,1455.9
23335,2024-04-27 13:30:00,Bundesliga,Bayern Munich,Eintracht Frankfurt,1643.24,1525.77
23336,2024-04-27 13:30:00,Bundesliga,RasenBallsport Leipzig,Borussia Dortmund,1624.24,1618.59
23337,2024-04-27 13:30:00,Bundesliga,Freiburg,Wolfsburg,1499.38,1467.85
23342,2024-04-27 13:30:00,Bundesliga,Augsburg,Werder Bremen,1459.4,1461.62
23338,2024-04-27 16:30:00,Bundesliga,Bayer Leverkusen,VfB Stuttgart,1681.5,1575.01
23340,2024-04-28 13:30:00,Bundesliga,Borussia M.Gladbach,Union Berlin,1451.27,1473.5
23339,2024-04-28 15:30:00,Bundesliga,Mainz 05,FC Cologne,1458.36,1424.48
23343,2024-04-28 17:30:00,Bundesliga,Darmstadt,FC Heidenheim,1384.89,1492.57
23349,2024-05-03 18:30:00,Bundesliga,Hoffenheim,RasenBallsport Leipzig,1459.56,1620.58
23344,2024-05-04 13:30:00,Bundesliga,Borussia Dortmund,Augsburg,1623.52,1454.47
23347,2024-05-04 13:30:00,Bundesliga,Wolfsburg,Darmstadt,1474.58,1378.16
23350,2024-05-04 13:30:00,Bundesliga,Werder Bremen,Borussia M.Gladbach,1460.33,1452.57
23351,2024-05-04 13:30:00,Bundesliga,VfB Stuttgart,Bayern Munich,1585.97,1632.29
23348,2024-05-04 16:30:00,Bundesliga,FC Cologne,Freiburg,1425.62,1498.24
23345,2024-05-05 13:30:00,Bundesliga,Union Berlin,Bochum,1461.25,1441.35
23346,2024-05-05 15:30:00,Bundesliga,Eintracht Frankfurt,Bayer Leverkusen,1519.11,1688.16
23352,2024-05-05 17:30:00,Bundesliga,FC Heidenheim,Mainz 05,1490.61,1460.32
23360,2024-05-10 18:30:00,Bundesliga,Augsburg,VfB Stuttgart,1447.18,1593.26
23354,2024-05-11 13:30:00,Bundesliga,RasenBallsport Leipzig,Werder Bremen,1615.49,1465.42
23355,2024-05-11 13:30:00,Bundesliga,Freiburg,FC Heidenheim,1497.02,1491.83
23357,2024-05-11 13:30:00,Bundesliga,Borussia M.Gladbach,Eintracht Frankfurt,1453.48,1518.21
23358,2024-05-11 13:30:00,Bundesliga,FC Cologne,Union Berlin,1435.64,1451.23
23356,2024-05-11 16:30:00,Bundesliga,Mainz 05,Borussia Dortmund,1473.86,1609.99
23361,2024-05-12 13:30:00,Bundesliga,Darmstadt,Hoffenheim,1369.49,1468.23
23353,2024-05-12 15:30:00,Bundesliga,Bayern Munich,Wolfsburg,1637.25,1469.62
23359,2024-05-12 17:30:00,Bundesliga,Bochum,Bayer Leverkusen,1436.79,1692.72
23362,2024-05-18 13:30:00,Bundesliga,Borussia Dortmund,Darmstadt,1613.39,1366.09
23363,2024-05-18 13:30:00,Bundesliga,Union Berlin,Freiburg,1461.54,1486.71
23364,2024-05-18 13:30:00,Bundesliga,Bayer Leverkusen,Augsburg,1696.04,1443.86
23365,2024-05-18 13:30:00,Bundesliga,Eintracht Frankfurt,RasenBallsport Leipzig,1519.98,1613.71
23366,2024-05-18 13:30:00,Bundesliga,Wolfsburg,Mainz 05,1458.74,1484.74
23367,2024-05-18 13:30:00,Bundesliga,Hoffenheim,Bayern Munich,1481.91,1623.57
23368,2024-05-18 13:30:00,Bundesliga,Werder Bremen,Bochum,1473.61,1428.6
23369,2024-05-18 13:30:00,Bundesliga,VfB Stuttgart,Borussia M.Gladbach,1598.61,1448.12
23370,2024-05-18 13:30:00,Bundesliga,FC Heidenheim,FC Cologne,1499.26,1428.21
27742,2024-08-23 18:30:00,Bundesliga,Borussia M.Gladbach,Bayer Leverkusen,1443.58,1700.58
27743,2024-08-24 13:30:00,Bundesliga,RasenBallsport Leipzig,Bochum,1618.11,1424.21
27744,2024-08-24 13:30:00,Bundesliga,Hoffenheim,Holstein Kiel,1491.42,1490.49
27745,2024-08-24 13:30:00,Bundesliga,Freiburg,VfB Stuttgart,1498.89,1586.44
27746,2024-08-24 13:30:00,Bundesliga,Augsburg,Werder Bremen,1443.71,1473.76
27747,2024-08-24 13:30:00,Bundesliga,Mainz 05,Union Berlin,1483.08,1463.2
27748,2024-08-24 16:30:00,Bundesliga,Borussia Dortmund,Eintracht Frankfurt,1619.85,1513.52
27749,2024-08-25 13:30:00,Bundesliga,Wolfsburg,Bayern Munich,1452.31,1630.0
27750,2024-08-25 15:30:00,Bundesliga,St. Pauli,FC Heidenheim,1488.98,1510.29
27751,2024-08-30 18:30:00,Bundesliga,Union Berlin,St. Pauli,1472.94,1479.24
27752,2024-08-31 13:30:00,Bundesliga,Bochum,Borussia M.Gladbach,1413.76,1454.03
27753,2024-08-31 13:30:00,Bundesliga,Werder Bremen,Borussia Dortmund,1476.85,1616.76
27754,2024-08-31 13:30:00,Bundesliga,Holstein Kiel,Wolfsburg,1478.41,1464.39
27755,2024-08-31 13:30:00,Bundesliga,VfB Stuttgart,Mainz 05,1582.65,1486.86
27756,2024-08-31 13:30:00,Bundesliga,Eintracht Frankfurt,Hoffenheim,1521.89,1483.05
27757,2024-08-31 16:30:00,Bundesliga,Bayer Leverkusen,RasenBallsport Leipzig,1687.32,1631.37
27758,2024-09-01 13:30:00,Bundesliga,FC Heidenheim,Augsburg,1517.45,1436.56
27759,2024-09-01 15:30:00,Bundesliga,Bayern Munich,Freiburg,1635.55,1493.33
27760,2024-09-13 18:30:00,Bundesliga,Borussia Dortmund,FC Heidenheim,1623.07,1511.13
27761,2024-09-14 13:30:00,Bundesliga,Hoffenheim,Bayer Leverkusen,1477.57,1692.8
27762,2024-09-14 13:30:00,Bundesliga,Freiburg,Bochum,1500.15,1406.94
27763,2024-09-14 13:30:00,Bundesliga,RasenBallsport Leipzig,Union Berlin,1626.31,1477.99
27764,2024-09-14 13:30:00,Bundesliga,Wolfsburg,Eintracht Frankfurt,1455.04,1531.24
27765,2024-09-14 13:30:00,Bundesliga,Borussia M.Gladbach,VfB Stuttgart,1446.66,1590.02
27766,2024-09-14 16:30:00,Bundesliga,Holstein Kiel,Bayern Munich,1471.79,1642.17
27767,2024-09-15 13:30:00,Bundesliga,Augsburg,St. Pauli,1446.78,1469.02
27768,2024-09-15 15:30:00,Bundesliga,Mainz 05,Werder Bremen,1475.58,1488.14
27769,2024-09-20 18:30:00,Bundesliga,Augsburg,Mainz 05,1436.6,1485.75
27770,2024-09-21 13:30:00,Bundesliga,Union Berlin,Hoffenheim,1486.98,1468.59
27771,2024-09-21 13:30:00,Bundesliga,Bochum,Holstein Kiel,1407.8,1470.93
27772,2024-09-21 13:30:00,Bundesliga,FC Heidenheim,Freiburg,1499.81,1511.47
27773,2024-09-21 13:30:00,Bundesliga,Werder Bremen,Bayern Munich,1481.44,1648.88
27774,2024-09-21 16:30:00,Bundesliga,Eintracht Frankfurt,Borussia M.Gladbach,1537.93,1439.98
27775,2024-09-22 13:30:00,Bundesliga,Bayer Leverkusen,Wolfsburg,1696.24,1451.59
27776,2024-09-22 15:30:00,Bundesliga,VfB Stuttgart,Borussia Dortmund,1599.96,1613.13
27777,2024-09-22 17:30:00,Bundesliga,St. Pauli,RasenBallsport Leipzig,1472.4,1622.93
27778,2024-09-27 18:30:00,Bundesliga,Borussia Dortmund,Bochum,1617.14,1403.79
27779,2024-09-28 13:30:00,Bundesliga,Freiburg,St. Pauli,1499.37,1484.5
27780,2024-09-28 13:30:00,Bundesliga,Wolfsburg,VfB Stuttgart,1454.74,1596.81
27781,2024-09-28 13:30:00,Bundesliga,Mainz 05,FC Heidenheim,1475.15,1510.42
27782,2024-09-28 13:30:00,Bundesliga,Borussia M.Gladbach,Union Berlin,1450.32,1476.63
27783,2024-09-28 13:30:00,Bundesliga,RasenBallsport Leipzig,Augsburg,1627.3,1432.23
27784,2024-09-28 16:30:00,Bundesliga,Bayern Munich,Bayer Leverkusen,1649.23,1695.89
27785,2024-09-29 13:30:00,Bundesliga,Holstein Kiel,Eintracht Frankfurt,1461.85,1547.01
27786,2024-09-29 15:30:00,Bundesliga,Hoffenheim,Werder Bremen,1457.95,1492.08
27790,2024-10-04 18:30:00,Bundesliga,Augsburg,Borussia M.Gladbach,1441.74,1440.81
27789,2024-10-05 13:30:00,Bundesliga,Werder Bremen,Freiburg,1481.28,1510.16
27791,2024-10-05 13:30:00,Bundesliga,Union Berlin,Borussia Dortmund,1489.58,1604.19
27792,2024-10-05 13:30:00,Bundesliga,Bochum,Wolfsburg,1394.25,1464.28
27794,2024-10-05 13:30:00,Bundesliga,Bayer Leverkusen,Holstein Kiel,1689.39,1468.34
27793,2024-10-05 16:30:00,Bundesliga,St. Pauli,Mainz 05,1473.23,1486.42
27788,2024-10-06 13:30:00,Bundesliga,FC Heidenheim,RasenBallsport Leipzig,1502.73,1634.99
27787,2024-10-06 15:30:00,Bundesliga,Eintracht Frankfurt,Bayern Munich,1548.92,1647.32
27795,2024-10-06 17:30:00,Bundesliga,VfB Stuttgart,Hoffenheim,1592.19,1462.58
27798,2024-10-18 18:30:00,Bundesliga,Borussia Dortmund,St. Pauli,1609.75,1467.68
27796,2024-10-19 13:30:00,Bundesliga,Bayer Leverkusen,Eintracht Frankfurt,1694.73,1543.58
27799,2024-10-19 13:30:00,Bundesliga,Hoffenheim,Bochum,1469.69,1387.14
27800,2024-10-19 13:30:00,Bundesliga,Freiburg,Augsburg,1517.27,1434.63
27802,2024-10-19 13:30:00,Bundesliga,Mainz 05,RasenBallsport Leipzig,1479.58,1641.83
27803,2024-10-19 13:30:00,Bundesliga,Borussia M.Gladbach,FC Heidenheim,1451.58,1491.96
27797,2024-10-19 16:30:00,Bundesliga,Bayern Munich,VfB Stuttgart,1654.78,1584.72
27804,2024-10-20 13:30:00,Bundesliga,Holstein Kiel,Union Berlin,1457.95,1499.97
27801,2024-10-20 15:30:00,Bundesliga,Wolfsburg,Werder Bremen,1453.77,1491.8
27810,2024-10-25 18:30:00,Bundesliga,Mainz 05,Borussia M.Gladbach,1477.78,1453.37
27805,2024-10-26 13:30:00,Bundesliga,VfB Stuttgart,Holstein Kiel,1590.38,1452.29
27806,2024-10-26 13:30:00,Bundesliga,RasenBallsport Leipzig,Freiburg,1647.54,1511.56
27809,2024-10-26 13:30:00,Bundesliga,Augsburg,Borussia Dortmund,1448.46,1595.92
27813,2024-10-26 13:30:00,Bundesliga,St. Pauli,Wolfsburg,1466.28,1455.17
27808,2024-10-26 16:30:00,Bundesliga,Werder Bremen,Bayer Leverkusen,1496.29,1690.24
27812,2024-10-27 14:30:00,Bundesliga,Bochum,Bayern Munich,1382.99,1658.94
27811,2024-10-27 16:30:00,Bundesliga,Union Berlin,Eintracht Frankfurt,1500.22,1543.33
27807,2024-10-27 18:30:00,Bundesliga,FC Heidenheim,Hoffenheim,1490.32,1471.32
27814,2024-11-01 19:30:00,Bundesliga,Bayer Leverkusen,VfB Stuttgart,1686.54,1594.08
27815,2024-11-02 14:30:00,Bundesliga,Bayern Munich,Union Berlin,1663.87,1495.28
27817,2024-11-02 14:30:00,Bundesliga,Eintracht Frankfurt,Bochum,1548.24,1378.08
27818,2024-11-02 14:30:00,Bundesliga,Hoffenheim,St. Pauli,1460.17,1477.42
27820,2024-11-02 14:30:00,Bundesliga,Wolfsburg,Augsburg,1453.97,1449.65
27822,2024-11-02 14:30:00,Bundesliga,Holstein Kiel,FC Heidenheim,1462.38,1480.24
27816,2024-11-02 17:30:00,Bundesliga,Borussia Dortmund,RasenBallsport Leipzig,1606.4,1637.06
27819,2024-11-03 14:30:00,Bundesliga,Freiburg,Mainz 05,1509.61,1479.74
27821,2024-11-03 16:30:00,Bundesliga,Borussia M.Gladbach,Werder Bremen,1463.6,1486.06
27829,2024-11-08 19:30:00,Bundesliga,Union Berlin,Freiburg,1494.69,1510.2
27826,2024-11-09 14:30:00,Bundesliga,Werder Bremen,Holstein Kiel,1494.39,1454.05
27828,2024-11-09 14:30:00,Bundesliga,Mainz 05,Borussia Dortmund,1492.32,1593.82
27830,2024-11-09 14:30:00,Bundesliga,Bochum,Bayer Leverkusen,1384.65,1679.98
27831,2024-11-09 14:30:00,Bundesliga,St. Pauli,Bayern Munich,1471.53,1669.77
27824,2024-11-09 17:30:00,Bundesliga,RasenBallsport Leipzig,Borussia M.Gladbach,1631.69,1468.97
27827,2024-11-10 14:30:00,Bundesliga,Augsburg,Hoffenheim,1448.95,1460.88
27823,2024-11-10 16:30:00,Bundesliga,VfB Stuttgart,Eintracht Frankfurt,1581.79,1560.52
27825,2024-11-10 18:30:00,Bundesliga,FC Heidenheim,Wolfsburg,1468.49,1465.72
27834,2024-11-22 19:30:00,Bundesliga,Bayern Munich,Augsburg,1673.5,1445.22
27832,2024-11-23 14:30:00,Bundesliga,Bayer Leverkusen,FC Heidenheim,1683.87,1464.59
27833,2024-11-23 14:30:00,Bundesliga,VfB Stuttgart,Bochum,1585.95,1380.49
27835,2024-11-23 14:30:00,Bundesliga,Borussia Dortmund,Freiburg,1600.53,1503.49
27837,2024-11-23 14:30:00,Bundesliga,Hoffenheim,RasenBallsport Leipzig,1474.6,1617.97
27838,2024-11-23 14:30:00,Bundesliga,Wolfsburg,Union Berlin,1475.54,1484.86
27836,2024-11-23 17:30:00,Bundesliga,Eintracht Frankfurt,Werder Bremen,1567.69,1487.22
27840,2024-11-24 14:30:00,Bundesliga,Holstein Kiel,Mainz 05,1444.15,1502.22
27839,2024-11-24 16:30:00,Bundesliga,Borussia M.Gladbach,St. Pauli,1478.04,1462.46
27841,2024-11-30 14:30:00,Bundesliga,RasenBallsport Leipzig,Wolfsburg,1603.26,1490.25
27844,2024-11-30 14:30:00,Bundesliga,Werder Bremen,VfB Stuttgart,1489.03,1584.14
27845,2024-11-30 14:30:00,Bundesliga,Freiburg,Borussia M.Gladbach,1511.77,1469.76
27846,2024-11-30 14:30:00,Bundesliga,Augsburg,Bochum,1452.43,1373.28
27848,2024-11-30 14:30:00,Bundesliga,Union Berlin,Bayer Leverkusen,1479.26,1689.47
27849,2024-11-30 14:30:00,Bundesliga,St. Pauli,Holstein Kiel,1470.94,1435.67
27842,2024-11-30 17:30:00,Bundesliga,Borussia Dortmund,Bayern Munich,1601.62,1672.41
27843,2024-12-01 16:30:00,Bundesliga,FC Heidenheim,Eintracht Frankfurt,1456.53,1575.76
27847,2024-12-01 16:30:00,Bundesliga,Mainz 05,Hoffenheim,1510.44,1466.38
27851,2024-12-06 19:30:00,Bundesliga,VfB Stuttgart,Union Berlin,1590.32,1473.08
27850,2024-12-07 14:30:00,Bundesliga,Bayer Leverkusen,St. Pauli,1693.25,1467.16
27855,2024-12-07 14:30:00,Bundesliga,Bochum,Werder Bremen,1365.56,1496.75
27856,2024-12-07 14:30:00,Bundesliga,Holstein Kiel,RasenBallsport Leipzig,1429.31,1609.62
27857,2024-12-07 14:30:00,Bundesliga,Bayern Munich,FC Heidenheim,1676.23,1452.71
27858,2024-12-07 14:30:00,Bundesliga,Eintracht Frankfurt,Augsburg,1571.49,1456.69
27854,2024-12-07 17:30:00,Bundesliga,Borussia M.Gladbach,Borussia Dortmund,1472.48,1598.9
27853,2024-12-08 14:30:00,Bundesliga,Wolfsburg,Mainz 05,1499.82,1500.87
27852,2024-12-08 16:30:00,Bundesliga,Hoffenheim,Freiburg,1466.68,1511.47
27862,2024-12-13 19:30:00,Bundesliga,Freiburg,Wolfsburg,1520.14,1491.16
27863,2024-12-14 14:30:00,Bundesliga,Augsburg,Bayer Leverkusen,1451.92,1698.02
27864,2024-12-14 14:30:00,Bundesliga,Mainz 05,Bayern Munich,1514.7,1662.4
27865,2024-12-14 14:30:00,Bundesliga,Borussia M.Gladbach,Holstein Kiel,1480.27,1421.53
27866,2024-12-14 14:30:00,Bundesliga,Union Berlin,Bochum,1469.2,1369.45
27867,2024-12-14 17:30:00,Bundesliga,St. Pauli,Werder Bremen,1457.01,1506.9
27861,2024-12-15 14:30:00,Bundesliga,FC Heidenheim,VfB Stuttgart,1445.58,1597.45
27860,2024-12-15 16:30:00,Bundesliga,Borussia Dortmund,Hoffenheim,1594.43,1471.15
27859,2024-12-15 18:30:00,Bundesliga,RasenBallsport Leipzig,Eintracht Frankfurt,1617.55,1563.56
27870,2024-12-20 19:30:00,Bundesliga,Bayern Munich,RasenBallsport Leipzig,1670.14,1609.8
27869,2024-12-21 14:30:00,Bundesliga,VfB Stuttgart,St. Pauli,1582.79,1471.67
27871,2024-12-21 14:30:00,Bundesliga,Eintracht Frankfurt,Mainz 05,1551.2,1527.07
27872,2024-12-21 14:30:00,Bundesliga,Hoffenheim,Borussia M.Gladbach,1460.41,1491.01
27873,2024-12-21 14:30:00,Bundesliga,Werder Bremen,Union Berlin,1514.84,1461.26
27876,2024-12-21 14:30:00,Bundesliga,Holstein Kiel,Augsburg,1431.39,1442.05
27868,2024-12-21 17:30:00,Bundesliga,Bayer Leverkusen,Freiburg,1702.56,1515.6
27875,2024-12-22 14:30:00,Bundesliga,Bochum,FC Heidenheim,1380.63,1434.4
27874,2024-12-22 16:30:00,Bundesliga,Wolfsburg,Borussia Dortmund,1483.1,1602.49
27878,2025-01-10 19:30:00,Bundesliga,Borussia Dortmund,Bayer Leverkusen,1594.34,1710.71
27879,2025-01-11 14:30:00,Bundesliga,Hoffenheim,Wolfsburg,1450.05,1493.45
27880,2025-01-11 14:30:00,Bundesliga,FC Heidenheim,Union Berlin,1444.17,1451.49
27881,2025-01-11 14:30:00,Bundesliga,Freiburg,Holstein Kiel,1522.29,1424.7
27883,2025-01-11 14:30:00,Bundesliga,Mainz 05,Bochum,1532.27,1375.42
27885,2025-01-11 14:30:00,Bundesliga,St. Pauli,Eintracht Frankfurt,1462.94,1559.92
27884,2025-01-11 17:30:00,Bundesliga,Borussia M.Gladbach,Bayern Munich,1484.94,1676.21
27877,2025-01-12 14:30:00,Bundesliga,RasenBallsport Leipzig,Werder Bremen,1616.23,1508.42
27882,2025-01-12 16:30:00,Bundesliga,Augsburg,VfB Stuttgart,1435.0,1589.83
27894,2025-01-14 17:30:00,Bundesliga,Holstein Kiel,Borussia Dortmund,1438.39,1580.65
27886,2025-01-14 19:30:00,Bundesliga,Bayer Leverkusen,Mainz 05,1715.23,1527.75
27889,2025-01-14 19:30:00,Bundesliga,Eintracht Frankfurt,Freiburg,1567.86,1514.35
27891,2025-01-14 19:30:00,Bundesliga,Wolfsburg,Borussia M.Gladbach,1502.2,1476.18
27893,2025-01-15 17:30:00,Bundesliga,Bochum,St. Pauli,1386.92,1451.44
27887,2025-01-15 19:30:00,Bundesliga,VfB Stuttgart,RasenBallsport Leipzig,1599.59,1606.48
27888,2025-01-15 19:30:00,Bundesliga,Bayern Munich,Hoffenheim,1679.85,1446.42
27890,2025-01-15 19:30:00,Bundesliga,Werder Bremen,FC Heidenheim,1505.64,1446.95
27892,2025-01-15 19:30:00,Bundesliga,Union Berlin,Augsburg,1440.02,1446.48
27898,2025-01-17 19:30:00,Bundesliga,Eintracht Frankfurt,Borussia Dortmund,1577.22,1571.29
27896,2025-01-18 14:30:00,Bundesliga,VfB Stuttgart,Freiburg,1606.26,1507.68
27897,2025-01-18 14:30:00,Bundesliga,Bayern Munich,Wolfsburg,1684.4,1497.66
27899,2025-01-18 14:30:00,Bundesliga,FC Heidenheim,St. Pauli,1436.07,1462.32
27902,2025-01-18 14:30:00,Bundesliga,Bochum,RasenBallsport Leipzig,1391.79,1601.61
27903,2025-01-18 14:30:00,Bundesliga,Holstein Kiel,Hoffenheim,1427.61,1457.19
27895,2025-01-18 17:30:00,Bundesliga,Bayer Leverkusen,Borussia M.Gladbach,1718.66,1472.76
27901,2025-01-19 14:30:00,Bundesliga,Union Berlin,Mainz 05,1451.53,1516.24
27900,2025-01-19 16:30:00,Bundesliga,Werder Bremen,Augsburg,1492.99,1459.12
27910,2025-01-24 19:30:00,Bundesliga,Wolfsburg,Holstein Kiel,1494.73,1430.55
27904,2025-01-25 14:30:00,Bundesliga,RasenBallsport Leipzig,Bayer Leverkusen,1603.93,1716.34
27905,2025-01-25 14:30:00,Bundesliga,Borussia Dortmund,Werder Bremen,1568.14,1496.14
27909,2025-01-25 14:30:00,Bundesliga,Mainz 05,VfB Stuttgart,1527.81,1594.69
27911,2025-01-25 14:30:00,Bundesliga,Augsburg,FC Heidenheim,1467.47,1427.73
27912,2025-01-25 14:30:00,Bundesliga,Freiburg,Bayern Munich,1501.55,1690.53
27908,2025-01-25 17:30:00,Bundesliga,Borussia M.Gladbach,Bochum,1479.54,1385.01
27906,2025-01-26 14:30:00,Bundesliga,Hoffenheim,Eintracht Frankfurt,1459.59,1574.82
27907,2025-01-26 16:30:00,Bundesliga,St. Pauli,Union Berlin,1471.01,1442.84
27921,2025-01-31 19:30:00,Bundesliga,Werder Bremen,Mainz 05,1506.04,1517.91
27914,2025-02-01 14:30:00,Bundesliga,Bochum,Freiburg,1377.31,1509.25
27915,2025-02-01 14:30:00,Bundesliga,St. Pauli,Augsburg,1469.9,1468.57
27917,2025-02-01 14:30:00,Bundesliga,VfB Stuttgart,Borussia M.Gladbach,1580.62,1493.61
27918,2025-02-01 14:30:00,Bundesliga,Bayern Munich,Holstein Kiel,1693.62,1427.45
27920,2025-02-01 14:30:00,Bundesliga,FC Heidenheim,Borussia Dortmund,1420.67,1575.19
27913,2025-02-01 17:30:00,Bundesliga,Union Berlin,RasenBallsport Leipzig,1446.32,1600.45
27919,2025-02-02 14:30:00,Bundesliga,Eintracht Frankfurt,Wolfsburg,1571.63,1497.92
27916,2025-02-02 16:30:00,Bundesliga,Bayer Leverkusen,Hoffenheim,1719.48,1456.45
27922,2025-02-07 19:30:00,Bundesliga,Bayern Munich,Werder Bremen,1697.97,1501.7
27924,2025-02-08 14:30:00,Bundesliga,Borussia Dortmund,VfB Stuttgart,1564.34,1591.47
27925,2025-02-08 14:30:00,Bundesliga,Hoffenheim,Union Berlin,1445.16,1457.61
27926,2025-02-08 14:30:00,Bundesliga,Freiburg,FC Heidenheim,1515.83,1414.09
27927,2025-02-08 14:30:00,Bundesliga,Wolfsburg,Bayer Leverkusen,1502.83,1714.58
27928,2025-02-08 14:30:00,Bundesliga,Mainz 05,Augsburg,1515.53,1470.95
27929,2025-02-08 17:30:00,Bundesliga,Borussia M.Gladbach,Eintracht Frankfurt,1494.84,1570.39
27930,2025-02-09 13:30:00,Bundesliga,Holstein Kiel,Bochum,1425.05,1379.71
27923,2025-02-09 16:30:00,Bundesliga,RasenBallsport Leipzig,St. Pauli,1606.02,1464.34
27936,2025-02-14 19:30:00,Bundesliga,Augsburg,RasenBallsport Leipzig,1473.76,1603.22
27932,2025-02-15 14:30:00,Bundesliga,VfB Stuttgart,Wolfsburg,1578.05,1516.24
27937,2025-02-15 14:30:00,Bundesliga,Union Berlin,Borussia M.Gladbach,1447.67,1504.78
27938,2025-02-15 14:30:00,Bundesliga,Bochum,Borussia Dortmund,1393.77,1550.28
27939,2025-02-15 14:30:00,Bundesliga,St. Pauli,Freiburg,1454.81,1525.36
27931,2025-02-15 17:30:00,Bundesliga,Bayer Leverkusen,Bayern Munich,1713.1,1699.45
27935,2025-02-16 14:30:00,Bundesliga,Werder Bremen,Hoffenheim,1489.12,1457.73
27933,2025-02-16 16:30:00,Bundesliga,Eintracht Frankfurt,Holstein Kiel,1575.63,1419.82
27934,2025-02-16 18:30:00,Bundesliga,FC Heidenheim,Mainz 05,1405.98,1523.64
27944,2025-02-21 19:30:00,Bundesliga,Freiburg,Werder Bremen,1533.33,1481.14
27945,2025-02-22 14:30:00,Bundesliga,Wolfsburg,Bochum,1512.0,1398.02
27946,2025-02-22 14:30:00,Bundesliga,Mainz 05,St. Pauli,1530.73,1447.71
27947,2025-02-22 14:30:00,Bundesliga,Borussia M.Gladbach,Augsburg,1492.9,1485.63
27948,2025-02-22 14:30:00,Bundesliga,Holstein Kiel,Bayer Leverkusen,1416.13,1716.79
27942,2025-02-22 17:30:00,Bundesliga,Borussia Dortmund,Union Berlin,1556.52,1441.44
27941,2025-02-23 14:30:00,Bundesliga,RasenBallsport Leipzig,FC Heidenheim,1597.38,1411.82
27940,2025-02-23 16:30:00,Bundesliga,Bayern Munich,Eintracht Frankfurt,1705.17,1569.9
27943,2025-02-23 18:30:00,Bundesliga,Hoffenheim,VfB Stuttgart,1460.14,1575.64
27949,2025-02-28 19:30:00,Bundesliga,VfB Stuttgart,Bayern Munich,1568.3,1712.51
27950,2025-03-01 14:30:00,Bundesliga,RasenBallsport Leipzig,Mainz 05,1584.53,1543.58
27952,2025-03-01 14:30:00,Bundesliga,FC Heidenheim,Borussia M.Gladbach,1403.14,1501.58
27953,2025-03-01 14:30:00,Bundesliga,Werder Bremen,Wolfsburg,1471.03,1522.12
27956,2025-03-01 14:30:00,Bundesliga,St. Pauli,Borussia Dortmund,1439.81,1564.43
27957,2025-03-01 14:30:00,Bundesliga,Bochum,Hoffenheim,1388.8,1469.36
27951,2025-03-01 17:30:00,Bundesliga,Eintracht Frankfurt,Bayer Leverkusen,1563.02,1723.68
27955,2025-03-02 14:30:00,Bundesliga,Union Berlin,Holstein Kiel,1429.72,1427.85
27954,2025-03-02 16:30:00,Bundesliga,Augsburg,Freiburg,1486.0,1532.97
27965,2025-03-07 19:30:00,Bundesliga,Borussia M.Gladbach,Mainz 05,1491.79,1553.38
27958,2025-03-08 14:30:00,Bundesliga,Bayer Leverkusen,Werder Bremen,1706.88,1487.82
27959,2025-03-08 14:30:00,Bundesliga,Bayern Munich,Bochum,1694.76,1406.55
27960,2025-03-08 14:30:00,Bundesliga,Borussia Dortmund,Augsburg,1551.27,1499.15
27964,2025-03-08 14:30:00,Bundesliga,Wolfsburg,St. Pauli,1518.86,1443.06
27966,2025-03-08 14:30:00,Bundesliga,Holstein Kiel,VfB Stuttgart,1430.8,1565.35
27963,2025-03-08 17:30:00,Bundesliga,Freiburg,RasenBallsport Leipzig,1533.45,1584.06
27961,2025-03-09 14:30:00,Bundesliga,Eintracht Frankfurt,Union Berlin,1548.52,1444.22
27962,2025-03-09 16:30:00,Bundesliga,Hoffenheim,FC Heidenheim,1466.53,1405.97
27975,2025-03-14 19:30:00,Bundesliga,St. Pauli,Hoffenheim,1452.73,1456.86
27970,2025-03-15 14:30:00,Bundesliga,Werder Bremen,Borussia M.Gladbach,1476.93,1502.68
27971,2025-03-15 14:30:00,Bundesliga,Augsburg,Wolfsburg,1508.71,1509.3
27972,2025-03-15 14:30:00,Bundesliga,Mainz 05,Freiburg,1551.81,1535.01
27973,2025-03-15 14:30:00,Bundesliga,Union Berlin,Bayern Munich,1449.73,1689.25
27968,2025-03-15 17:30:00,Bundesliga,RasenBallsport Leipzig,Borussia Dortmund,1592.13,1543.2
27974,2025-03-16 15:30:00,Bundesliga,Bochum,Eintracht Frankfurt,1399.53,1555.53
27969,2025-03-16 16:30:00,Bundesliga,FC Heidenheim,Holstein Kiel,1415.68,1421.09
27967,2025-03-16 18:30:00,Bundesliga,VfB Stuttgart,Bayer Leverkusen,1558.33,1713.91
27976,2025-03-28 19:30:00,Bundesliga,Bayer Leverkusen,Bochum,1716.27,1397.17
27977,2025-03-29 14:30:00,Bundesliga,Bayern Munich,St. Pauli,1692.71,1449.27
27980,2025-03-29 14:30:00,Bundesliga,Borussia M.Gladbach,RasenBallsport Leipzig,1514.23,1580.58
27981,2025-03-29 14:30:00,Bundesliga,Wolfsburg,FC Heidenheim,1495.76,1429.22
27983,2025-03-29 14:30:00,Bundesliga,Hoffenheim,Augsburg,1457.34,1508.23
27984,2025-03-29 14:30:00,Bundesliga,Holstein Kiel,Werder Bremen,1411.69,1486.33
27978,2025-03-29 17:30:00,Bundesliga,Eintracht Frankfurt,VfB Stuttgart,1564.61,1549.25
27982,2025-03-30 14:30:00,Bundesliga,Freiburg,Union Berlin,1521.68,1463.06
27979,2025-03-30 16:30:00,Bundesliga,Borussia Dortmund,Mainz 05,1552.44,1542.57
27989,2025-04-04 18:30:00,Bundesliga,Augsburg,Bayern Munich,1502.28,1698.66
27985,2025-04-05 13:30:00,Bundesliga,RasenBallsport Leipzig,Hoffenheim,1586.31,1451.61
27986,2025-04-05 13:30:00,Bundesliga,FC Heidenheim,Bayer Leverkusen,1425.42,1720.07
27988,2025-04-05 13:30:00,Bundesliga,Freiburg,Borussia Dortmund,1511.56,1562.56
27990,2025-04-05 13:30:00,Bundesliga,Mainz 05,Holstein Kiel,1538.13,1416.13
27992,2025-04-05 13:30:00,Bundesliga,Bochum,VfB Stuttgart,1390.42,1556.0
27987,2025-04-05 16:30:00,Bundesliga,Werder Bremen,Eintracht Frankfurt,1497.57,1553.37
27993,2025-04-06 13:30:00,Bundesliga,St. Pauli,Borussia M.Gladbach,1450.13,1513.37
27991,2025-04-06 15:30:00,Bundesliga,Union Berlin,Wolfsburg,1473.0,1485.83
27999,2025-04-11 18:30:00,Bundesliga,Wolfsburg,RasenBallsport Leipzig,1477.69,1594.45
27994,2025-04-12 13:30:00,Bundesliga,Bayer Leverkusen,Union Berlin,1713.36,1479.7
27998,2025-04-12 13:30:00,Bundesliga,Hoffenheim,Mainz 05,1463.08,1526.65
28000,2025-04-12 13:30:00,Bundesliga,Borussia M.Gladbach,Freiburg,1502.31,1522.62
28001,2025-04-12 13:30:00,Bundesliga,Bochum,Augsburg,1382.59,1510.11
28002,2025-04-12 13:30:00,Bundesliga,Holstein Kiel,St. Pauli,1406.1,1460.15
27996,2025-04-12 16:30:00,Bundesliga,Bayern Munich,Borussia Dortmund,1694.1,1567.12
27995,2025-04-13 13:30:00,Bundesliga,VfB Stuttgart,Werder Bremen,1543.38,1510.19
27997,2025-04-13 15:30:00,Bundesliga,Eintracht Frankfurt,FC Heidenheim,1559.0,1419.79
28003,2025-04-19 13:30:00,Bundesliga,RasenBallsport Leipzig,Holstein Kiel,1588.78,1411.77
28005,2025-04-19 13:30:00,Bundesliga,FC Heidenheim,Bayern Munich,1415.77,1698.13
28006,2025-04-19 13:30:00,Bundesliga,Werder Bremen,Bochum,1515.83,1376.96
28007,2025-04-19 13:30:00,Bundesliga,Freiburg,Hoffenheim,1529.96,1455.73
28009,2025-04-19 13:30:00,Bundesliga,Mainz 05,Wolfsburg,1524.28,1480.06
28010,2025-04-19 16:30:00,Bundesliga,Union Berlin,VfB Stuttgart,1480.53,1542.55
28008,2025-04-20 13:30:00,Bundesliga,Augsburg,Eintracht Frankfurt,1510.51,1558.6
28004,2025-04-20 15:30:00,Bundesliga,Borussia Dortmund,Borussia M.Gladbach,1574.33,1495.11
28011,2025-04-20 17:30:00,Bundesliga,St. Pauli,Bayer Leverkusen,1465.72,1707.79
28013,2025-04-25 18:30:00,Bundesliga,VfB Stuttgart,FC Heidenheim,1528.21,1430.11
28012,2025-04-26 13:30:00,Bundesliga,Bayer Leverkusen,Augsburg,1711.95,1506.35
28014,2025-04-26 13:30:00,Bundesliga,Bayern Munich,Mainz 05,1702.75,1519.66
28016,2025-04-26 13:30:00,Bundesliga,Hoffenheim,Borussia Dortmund,1448.09,1581.97
28018,2025-04-26 13:30:00,Bundesliga,Wolfsburg,Freiburg,1470.49,1539.53
28020,2025-04-26 13:30:00,Bundesliga,Holstein Kiel,Borussia M.Gladbach,1423.15,1483.73
28015,2025-04-26 16:30:00,Bundesliga,Eintracht Frankfurt,RasenBallsport Leipzig,1568.46,1578.92
28019,2025-04-27 13:30:00,Bundesliga,Bochum,Union Berlin,1378.91,1478.58
28017,2025-04-27 15:30:00,Bundesliga,Werder Bremen,St. Pauli,1513.43,1468.12
28023,2025-05-02 18:30:00,Bundesliga,FC Heidenheim,Bochum,1427.68,1381.34
28021,2025-05-03 13:30:00,Bundesliga,RasenBallsport Leipzig,Bayern Munich,1581.42,1700.24
28027,2025-05-03 13:30:00,Bundesliga,Borussia M.Gladbach,Hoffenheim,1481.72,1450.1
28028,2025-05-03 13:30:00,Bundesliga,Union Berlin,Werder Bremen,1478.57,1513.43
28029,2025-05-03 13:30:00,Bundesliga,St. Pauli,VfB Stuttgart,1458.84,1537.49
28022,2025-05-03 16:30:00,Bundesliga,Borussia Dortmund,Wolfsburg,1587.99,1464.47
28025,2025-05-04 13:30:00,Bundesliga,Augsburg,Holstein Kiel,1493.07,1436.43
28024,2025-05-04 15:30:00,Bundesliga,Freiburg,Bayer Leverkusen,1543.29,1708.19
28026,2025-05-04 17:30:00,Bundesliga,Mainz 05,Eintracht Frankfurt,1520.06,1568.06
28035,2025-05-09 18:30:00,Bundesliga,Wolfsburg,Hoffenheim,1463.06,1451.51
28034,2025-05-10 13:30:00,Bundesliga,Werder Bremen,RasenBallsport Leipzig,1514.38,1580.47
28036,2025-05-10 13:30:00,Bundesliga,Union Berlin,FC Heidenheim,1466.15,1440.1
28037,2025-05-10 13:30:00,Bundesliga,Bochum,Mainz 05,1374.24,1527.16
28038,2025-05-10 13:30:00,Bundesliga,Holstein Kiel,Freiburg,1428.47,1551.25
28032,2025-05-10 16:30:00,Bundesliga,Bayern Munich,Borussia M.Gladbach,1704.02,1477.95
28030,2025-05-11 13:30:00,Bundesliga,Bayer Leverkusen,Borussia Dortmund,1694.0,1602.18
28033,2025-05-11 15:30:00,Bundesliga,Eintracht Frankfurt,St. Pauli,1564.13,1462.77
28031,2025-05-11 17:30:00,Bundesliga,VfB Stuttgart,Augsburg,1545.24,1485.32
28039,2025-05-17 13:30:00,Bundesliga,RasenBallsport Leipzig,VfB Stuttgart,1568.48,1557.23
28040,2025-05-17 13:30:00,Bundesliga,Borussia Dortmund,Holstein Kiel,1606.8,1423.84
28041,2025-05-17 13:30:00,Bundesliga,Hoffenheim,Bayern Munich,1447.06,1708.46
28042,2025-05-17 13:30:00,Bundesliga,FC Heidenheim,Werder Bremen,1431.23,1523.25
28043,2025-05-17 13:30:00,Bundesliga,Freiburg,Eintracht Frankfurt,1540.62,1574.77
28044,2025-05-17 13:30:00,Bundesliga,Augsburg,Union Berlin,1473.77,1477.7
28045,2025-05-17 13:30:00,Bundesliga,Mainz 05,Bayer Leverkusen,1530.78,1690.38
28046,2025-05-17 13:30:00,Bundesliga,Borussia M.Gladbach,Wolfsburg,1466.53,1474.49
28047,2025-05-17 13:30:00,Bundesliga,St. Pauli,Bochum,1449.36,1387.65
30224,2025-08-22 18:30:00,Bundesliga,Bayern Munich,RasenBallsport Leipzig,1713.81,1563.13
30225,2025-08-23 13:30:00,Bundesliga,FC Heidenheim,Wolfsburg,1421.47,1484.25
30226,2025-08-23 13:30:00,Bundesliga,Bayer Leverkusen,Hoffenheim,1673.73,1463.71
30227,2025-08-23 13:30:00,Bundesliga,Union Berlin,VfB Stuttgart,1488.97,1545.96
30228,2025-08-23 13:30:00,Bundesliga,Eintracht Frankfurt,Werder Bremen,1582.33,1515.69
30229,2025-08-23 13:30:00,Bundesliga,Freiburg,Augsburg,1527.77,1486.62
30230,2025-08-23 16:30:00,Bundesliga,St. Pauli,Borussia Dortmund,1452.74,1603.42
30231,2025-08-24 13:30:00,Bundesliga,Mainz 05,FC Cologne,1517.02,1441.97
30232,2025-08-24 15:30:00,Bundesliga,Borussia M.Gladbach,Hamburger SV,1466.48,1500.04
30233,2025-08-29 18:30:00,Bundesliga,Hamburger SV,St. Pauli,1487.72,1465.07
30234,2025-08-30 13:30:00,Bundesliga,Hoffenheim,Eintracht Frankfurt,1456.07,1589.97
30235,2025-08-30 13:30:00,Bundesliga,RasenBallsport Leipzig,FC Heidenheim,1568.44,1416.16
30236,2025-08-30 13:30:00,Bundesliga,Werder Bremen,Bayer Leverkusen,1519.09,1670.33
30237,2025-08-30 13:30:00,Bundesliga,VfB Stuttgart,Borussia M.Gladbach,1552.78,1459.66
30238,2025-08-30 16:30:00,Bundesliga,Augsburg,Bayern Munich,1481.65,1718.78
30239,2025-08-31 13:30:00,Bundesliga,Wolfsburg,Mainz 05,1484.19,1517.08
30240,2025-08-31 15:30:00,Bundesliga,Borussia Dortmund,Union Berlin,1609.36,1483.03
30241,2025-08-31 17:30:00,Bundesliga,FC Cologne,Freiburg,1453.42,1516.32
30242,2025-09-12 18:30:00,Bundesliga,Bayer Leverkusen,Eintracht Frankfurt,1677.13,1583.17
30243,2025-09-13 13:30:00,Bundesliga,Freiburg,VfB Stuttgart,1526.36,1542.74
30244,2025-09-13 13:30:00,Bundesliga,FC Heidenheim,Borussia Dortmund,1410.42,1615.1
30245,2025-09-13 13:30:00,Bundesliga,Mainz 05,RasenBallsport Leipzig,1507.55,1577.97
30246,2025-09-13 13:30:00,Bundesliga,Wolfsburg,FC Cologne,1482.32,1455.29
30247,2025-09-13 13:30:00,Bundesliga,Union Berlin,Hoffenheim,1471.26,1467.84
30248,2025-09-13 16:30:00,Bundesliga,Bayern Munich,Hamburger SV,1722.34,1484.16
30249,2025-09-14 13:30:00,Bundesliga,St. Pauli,Augsburg,1474.54,1472.18
30250,2025-09-14 15:30:00,Bundesliga,Borussia M.Gladbach,Werder Bremen,1450.36,1528.39
30251,2025-09-19 18:30:00,Bundesliga,VfB Stuttgart,St. Pauli,1549.85,1467.43
30252,2025-09-20 13:30:00,Bundesliga,Werder Bremen,Freiburg,1517.33,1537.42
30253,2025-09-20 13:30:00,Bundesliga,Augsburg,Mainz 05,1462.19,1517.54
30254,2025-09-20 13:30:00,Bundesliga,Hamburger SV,FC Heidenheim,1491.13,1403.45
30255,2025-09-20 13:30:00,Bundesliga,Hoffenheim,Bayern Munich,1463.43,1726.75
30256,2025-09-20 16:30:00,Bundesliga,RasenBallsport Leipzig,FC Cologne,1583.72,1449.54
30257,2025-09-21 13:30:00,Bundesliga,Eintracht Frankfurt,Union Berlin,1569.18,1485.25
30258,2025-09-21 15:30:00,Bundesliga,Bayer Leverkusen,Borussia M.Gladbach,1670.76,1456.74
30259,2025-09-21 17:30:00,Bundesliga,Borussia Dortmund,Wolfsburg,1620.61,1476.8
30260,2025-09-26 18:30:00,Bundesliga,Bayern Munich,Werder Bremen,1730.68,1513.39
30261,2025-09-27 13:30:00,Bundesliga,FC Heidenheim,Augsburg,1414.13,1451.51
30262,2025-09-27 13:30:00,Bundesliga,Mainz 05,Borussia Dortmund,1509.47,1628.68
30263,2025-09-27 13:30:00,Bundesliga,St. Pauli,Bayer Leverkusen,1461.92,1676.26
30264,2025-09-27 13:30:00,Bundesliga,Wolfsburg,RasenBallsport Leipzig,1468.84,1591.68
30265,2025-09-27 16:30:00,Bundesliga,Borussia M.Gladbach,Eintracht Frankfurt,1448.93,1576.98
30266,2025-09-28 13:30:00,Bundesliga,Freiburg,Hoffenheim,1534.38,1466.47
30267,2025-09-28 15:30:00,Bundesliga,FC Cologne,VfB Stuttgart,1441.4,1557.99
30268,2025-09-28 17:30:00,Bundesliga,Union Berlin,Hamburger SV,1484.42,1491.97
30274,2025-10-03 18:30:00,Bundesliga,Hoffenheim,FC Cologne,1454.76,1453.11
30269,2025-10-04 13:30:00,Bundesliga,Bayer Leverkusen,Union Berlin,1680.52,1480.15
30271,2025-10-04 13:30:00,Bundesliga,Borussia Dortmund,RasenBallsport Leipzig,1626.64,1593.72
30276,2025-10-04 13:30:00,Bundesliga,Augsburg,Wolfsburg,1461.0,1459.35
30277,2025-10-04 13:30:00,Bundesliga,Werder Bremen,St. Pauli,1520.96,1454.36
30272,2025-10-04 16:30:00,Bundesliga,Eintracht Frankfurt,Bayern Munich,1570.27,1737.39
30275,2025-10-05 13:30:00,Bundesliga,VfB Stuttgart,FC Heidenheim,1563.26,1408.87
30273,2025-10-05 15:30:00,Bundesliga,Hamburger SV,Mainz 05,1501.46,1499.98
30270,2025-10-05 17:30:00,Bundesliga,Borussia M.Gladbach,Freiburg,1450.37,1532.94
30285,2025-10-17 18:30:00,Bundesliga,Union Berlin,Borussia M.Gladbach,1488.31,1442.21
30279,2025-10-18 13:30:00,Bundesliga,FC Cologne,Augsburg,1452.33,1461.78
30281,2025-10-18 13:30:00,Bundesliga,FC Heidenheim,Werder Bremen,1411.05,1518.77
30282,2025-10-18 13:30:00,Bundesliga,Mainz 05,Bayer Leverkusen,1493.94,1686.56
30283,2025-10-18 13:30:00,Bundesliga,RasenBallsport Leipzig,Hamburger SV,1600.22,1494.97
30286,2025-10-18 13:30:00,Bundesliga,Wolfsburg,VfB Stuttgart,1451.31,1571.3
30278,2025-10-18 16:30:00,Bundesliga,Bayern Munich,Borussia Dortmund,1743.43,1620.6
30280,2025-10-19 13:30:00,Bundesliga,Freiburg,Eintracht Frankfurt,1533.01,1570.21
30284,2025-10-19 15:30:00,Bundesliga,St. Pauli,Hoffenheim,1443.37,1465.75
