id,isResult,h,a,goals,xG,datetime,forecast
22685,True,"{'id': '208', 'title': 'Almeria', 'short_title': 'ALM'}","{'id': '145', 'title': 'Rayo Vallecano', 'short_title': 'RVL'}","{'h': '0', 'a': '2'}","{'h': '1.1196', 'a': '2.09532'}",2023-08-11 17:30:00,"{'w': '0.134', 'd': '0.2115', 'l': '0.6545'}"
22686,True,"{'id': '138', 'title': 'Sevilla', 'short_title': 'SEV'}","{'id': '146', 'title': 'Valencia', 'short_title': 'VAL'}","{'h': '1', 'a': '2'}","{'h': '0.714148', 'a': '1.06796'}",2023-08-11 19:30:00,"{'w': '0.2261', 'd': '0.3411', 'l': '0.4328'}"
22687,True,"{'id': '140', 'title': 'Real Sociedad', 'short_title': 'SOC'}","{'id': '223', 'title': 'Girona', 'short_title': 'GIR'}","{'h': '1', 'a': '1'}","{'h': '1.46019', 'a': '1.27791'}",2023-08-12 15:00:00,"{'w': '0.394', 'd': '0.3022', 'l': '0.3038'}"
22688,True,"{'id': '144', 'title': 'Las Palmas', 'short_title': 'LPL'}","{'id': '239', 'title': 'Mallorca', 'short_title': 'MAL'}","{'h': '1', 'a': '1'}","{'h': '0.871699', 'a': '1.49411'}",2023-08-12 17:30:00,"{'w': '0.0939', 'd': '0.3946', 'l': '0.5115'}"
22689,True,"{'id': '147', 'title': 'Athletic Club', 'short_title': 'ATH'}","{'id': '150', 'title': 'Real Madrid', 'short_title': 'RMA'}","{'h': '0', 'a': '2'}","{'h': '0.700577', 'a': '1.33266'}",2023-08-12 19:30:00,"{'w': '0.1752', 'd': '0.2983', 'l': '0.5265'}"
22690,True,"{'id': '152', 'title': 'Celta Vigo', 'short_title': 'CEL'}","{'id': '157', 'title': 'Osasuna', 'short_title': 'OSA'}","{'h': '0', 'a': '2'}","{'h': '0.783184', 'a': '0.964645'}",2023-08-13 15:00:00,"{'w': '0.2585', 'd': '0.3429', 'l': '0.3986'}"
22691,True,"{'id': '154', 'title': 'Villarreal', 'short_title': 'VIL'}","{'id': '153', 'title': 'Real Betis', 'short_title': 'BET'}","{'h': '1', 'a': '2'}","{'h': '0.737812', 'a': '0.969349'}",2023-08-13 17:30:00,"{'w': '0.2596', 'd': '0.3394', 'l': '0.401'}"
22692,True,"{'id': '142', 'title': 'Getafe', 'short_title': 'GET'}","{'id': '148', 'title': 'Barcelona', 'short_title': 'BAR'}","{'h': '0', 'a': '0'}","{'h': '0.804505', 'a': '1.67817'}",2023-08-13 19:30:00,"{'w': '0.1521', 'd': '0.2422', 'l': '0.6057'}"
22693,True,"{'id': '261', 'title': 'Cadiz', 'short_title': 'CAD'}","{'id': '158', 'title': 'Alaves', 'short_title': 'ALA'}","{'h': '1', 'a': '0'}","{'h': '0.822358', 'a': '0.227442'}",2023-08-14 17:30:00,"{'w': '0.498', 'd': '0.4061', 'l': '0.0959'}"
22694,True,"{'id': '143', 'title': 'Atletico Madrid', 'short_title': 'ATL'}","{'id': '155', 'title': 'Granada', 'short_title': 'GRA'}","{'h': '3', 'a': '1'}","{'h': '3.01246', 'a': '1.13452'}",2023-08-14 19:30:00,"{'w': '0.8214', 'd': '0.1248', 'l': '0.0538'}"
22695,True,"{'id': '239', 'title': 'Mallorca', 'short_title': 'MAL'}","{'id': '154', 'title': 'Villarreal', 'short_title': 'VIL'}","{'h': '0', 'a': '1'}","{'h': '0.370077', 'a': '2.12458'}",2023-08-18 17:30:00,"{'w': '0.0191', 'd': '0.1028', 'l': '0.8781'}"
22696,True,"{'id': '146', 'title': 'Valencia', 'short_title': 'VAL'}","{'id': '144', 'title': 'Las Palmas', 'short_title': 'LPL'}","{'h': '1', 'a': '0'}","{'h': '1.50324', 'a': '0.741978'}",2023-08-18 19:30:00,"{'w': '0.5966', 'd': '0.2746', 'l': '0.1288'}"
22697,True,"{'id': '140', 'title': 'Real Sociedad', 'short_title': 'SOC'}","{'id': '152', 'title': 'Celta Vigo', 'short_title': 'CEL'}","{'h': '1', 'a': '1'}","{'h': '0.917678', 'a': '1.77937'}",2023-08-19 15:00:00,"{'w': '0.1425', 'd': '0.2399', 'l': '0.6176'}"
22698,True,"{'id': '208', 'title': 'Almeria', 'short_title': 'ALM'}","{'id': '150', 'title': 'Real Madrid', 'short_title': 'RMA'}","{'h': '1', 'a': '3'}","{'h': '1.81328', 'a': '2.8802'}",2023-08-19 17:30:00,"{'w': '0.1897', 'd': '0.1959', 'l': '0.6144'}"
22699,True,"{'id': '157', 'title': 'Osasuna', 'short_title': 'OSA'}","{'id': '147', 'title': 'Athletic Club', 'short_title': 'ATH'}","{'h': '0', 'a': '2'}","{'h': '1.33582', 'a': '1.88906'}",2023-08-19 19:30:00,"{'w': '0.2166', 'd': '0.2465', 'l': '0.5369'}"
22700,True,"{'id': '223', 'title': 'Girona', 'short_title': 'GIR'}","{'id': '142', 'title': 'Getafe', 'short_title': 'GET'}","{'h': '3', 'a': '0'}","{'h': '1.86612', 'a': '0.754861'}",2023-08-20 15:30:00,"{'w': '0.6836', 'd': '0.2141', 'l': '0.1023'}"
22701,True,"{'id': '148', 'title': 'Barcelona', 'short_title': 'BAR'}","{'id': '261', 'title': 'Cadiz', 'short_title': 'CAD'}","{'h': '2', 'a': '0'}","{'h': '3.42524', 'a': '1.11132'}",2023-08-20 17:30:00,"{'w': '0.8494', 'd': '0.1008', 'l': '0.0498'}"
22702,True,"{'id': '153', 'title': 'Real Betis', 'short_title': 'BET'}","{'id': '143', 'title': 'Atletico Madrid', 'short_title': 'ATL'}","{'h': '0', 'a': '0'}","{'h': '1.02642', 'a': '0.34492'}",2023-08-20 19:30:00,"{'w': '0.5531', 'd': '0.3328', 'l': '0.1141'}"
22703,True,"{'id': '158', 'title': 'Alaves', 'short_title': 'ALA'}","{'id': '138', 'title': 'Sevilla', 'short_title': 'SEV'}","{'h': '4', 'a': '3'}","{'h': '2.17962', 'a': '0.958638'}",2023-08-21 17:00:00,"{'w': '0.6938', 'd': '0.2004', 'l': '0.1058'}"
22704,True,"{'id': '155', 'title': 'Granada', 'short_title': 'GRA'}","{'id': '145', 'title': 'Rayo Vallecano', 'short_title': 'RVL'}","{'h': '0', 'a': '2'}","{'h': '0.837141', 'a': '2.7851'}",2023-08-21 19:30:00,"{'w': '0.0462', 'd': '0.1182', 'l': '0.8356'}"
22705,True,"{'id': '144', 'title': 'Las Palmas', 'short_title': 'LPL'}","{'id': '140', 'title': 'Real Sociedad', 'short_title': 'SOC'}","{'h': '0', 'a': '0'}","{'h': '1.56933', 'a': '1.11751'}",2023-08-25 17:30:00,"{'w': '0.4894', 'd': '0.2798', 'l': '0.2308'}"
22712,True,"{'id': '152', 'title': 'Celta Vigo', 'short_title': 'CEL'}","{'id': '150', 'title': 'Real Madrid', 'short_title': 'RMA'}","{'h': '0', 'a': '1'}","{'h': '1.17827', 'a': '1.6167'}",2023-08-25 19:30:00,"{'w': '0.2391', 'd': '0.2663', 'l': '0.4946'}"
22707,True,"{'id': '261', 'title': 'Cadiz', 'short_title': 'CAD'}","{'id': '208', 'title': 'Almeria', 'short_title': 'ALM'}","{'h': '1', 'a': '1'}","{'h': '1.56203', 'a': '0.271622'}",2023-08-26 17:00:00,"{'w': '0.8438', 'd': '0.1368', 'l': '0.0194'}"
22708,True,"{'id': '155', 'title': 'Granada', 'short_title': 'GRA'}","{'id': '239', 'title': 'Mallorca', 'short_title': 'MAL'}","{'h': '3', 'a': '2'}","{'h': '1.81377', 'a': '2.50232'}",2023-08-26 17:30:00,"{'w': '0.2144', 'd': '0.2362', 'l': '0.5494'}"
22709,True,"{'id': '138', 'title': 'Sevilla', 'short_title': 'SEV'}","{'id': '223', 'title': 'Girona', 'short_title': 'GIR'}","{'h': '1', 'a': '2'}","{'h': '1.93643', 'a': '1.07498'}",2023-08-26 19:30:00,"{'w': '0.5845', 'd': '0.2571', 'l': '0.1584'}"
22710,True,"{'id': '154', 'title': 'Villarreal', 'short_title': 'VIL'}","{'id': '148', 'title': 'Barcelona', 'short_title': 'BAR'}","{'h': '3', 'a': '4'}","{'h': '1.87195', 'a': '2.95807'}",2023-08-27 15:30:00,"{'w': '0.1789', 'd': '0.1943', 'l': '0.6268'}"
22711,True,"{'id': '146', 'title': 'Valencia', 'short_title': 'VAL'}","{'id': '157', 'title': 'Osasuna', 'short_title': 'OSA'}","{'h': '1', 'a': '2'}","{'h': '1.87647', 'a': '1.45939'}",2023-08-27 17:30:00,"{'w': '0.4608', 'd': '0.2716', 'l': '0.2676'}"
22706,True,"{'id': '147', 'title': 'Athletic Club', 'short_title': 'ATH'}","{'id': '153', 'title': 'Real Betis', 'short_title': 'BET'}","{'h': '4', 'a': '2'}","{'h': '2.86727', 'a': '0.346198'}",2023-08-27 19:30:00,"{'w': '0.9496', 'd': '0.0424', 'l': '0.008'}"
22713,True,"{'id': '142', 'title': 'Getafe', 'short_title': 'GET'}","{'id': '158', 'title': 'Alaves', 'short_title': 'ALA'}","{'h': '1', 'a': '0'}","{'h': '2.67029', 'a': '0.860623'}",2023-08-28 17:30:00,"{'w': '0.8182', 'd': '0.1262', 'l': '0.0556'}"
22714,True,"{'id': '145', 'title': 'Rayo Vallecano', 'short_title': 'RVL'}","{'id': '143', 'title': 'Atletico Madrid', 'short_title': 'ATL'}","{'h': '0', 'a': '7'}","{'h': '0.542939', 'a': '3.29424'}",2023-08-28 19:30:00,"{'w': '0.0161', 'd': '0.0563', 'l': '0.9276'}"
22718,True,"{'id': '261', 'title': 'Cadiz', 'short_title': 'CAD'}","{'id': '154', 'title': 'Villarreal', 'short_title': 'VIL'}","{'h': '3', 'a': '1'}","{'h': '1.97214', 'a': '0.494033'}",2023-09-01 17:30:00,"{'w': '0.8055', 'd': '0.1537', 'l': '0.0408'}"
22715,True,"{'id': '208', 'title': 'Almeria', 'short_title': 'ALM'}","{'id': '152', 'title': 'Celta Vigo', 'short_title': 'CEL'}","{'h': '2', 'a': '3'}","{'h': '3.16421', 'a': '1.96028'}",2023-09-01 20:00:00,"{'w': '0.6643', 'd': '0.1746', 'l': '0.1611'}"
22724,True,"{'id': '140', 'title': 'Real Sociedad', 'short_title': 'SOC'}","{'id': '155', 'title': 'Granada', 'short_title': 'GRA'}","{'h': '5', 'a': '3'}","{'h': '2.08686', 'a': '0.549509'}",2023-09-02 12:00:00,"{'w': '0.7869', 'd': '0.1536', 'l': '0.0595'}"
22723,True,"{'id': '150', 'title': 'Real Madrid', 'short_title': 'RMA'}","{'id': '142', 'title': 'Getafe', 'short_title': 'GET'}","{'h': '2', 'a': '1'}","{'h': '2.64665', 'a': '0.893748'}",2023-09-02 14:15:00,"{'w': '0.7947', 'd': '0.1484', 'l': '0.0569'}"
22720,True,"{'id': '158', 'title': 'Alaves', 'short_title': 'ALA'}","{'id': '146', 'title': 'Valencia', 'short_title': 'VAL'}","{'h': '1', 'a': '0'}","{'h': '1.90475', 'a': '0.715753'}",2023-09-02 16:30:00,"{'w': '0.7332', 'd': '0.1949', 'l': '0.0719'}"
22717,True,"{'id': '153', 'title': 'Real Betis', 'short_title': 'BET'}","{'id': '145', 'title': 'Rayo Vallecano', 'short_title': 'RVL'}","{'h': '1', 'a': '0'}","{'h': '0.91924', 'a': '1.53554'}",2023-09-02 19:00:00,"{'w': '0.196', 'd': '0.2679', 'l': '0.5361'}"
22719,True,"{'id': '223', 'title': 'Girona', 'short_title': 'GIR'}","{'id': '144', 'title': 'Las Palmas', 'short_title': 'LPL'}","{'h': '1', 'a': '0'}","{'h': '1.42397', 'a': '1.18696'}",2023-09-03 12:00:00,"{'w': '0.4102', 'd': '0.3082', 'l': '0.2816'}"
22721,True,"{'id': '239', 'title': 'Mallorca', 'short_title': 'MAL'}","{'id': '147', 'title': 'Athletic Club', 'short_title': 'ATH'}","{'h': '0', 'a': '0'}","{'h': '0.403052', 'a': '0.645541'}",2023-09-03 14:15:00,"{'w': '0.1992', 'd': '0.4407', 'l': '0.3601'}"
22722,True,"{'id': '157', 'title': 'Osasuna', 'short_title': 'OSA'}","{'id': '148', 'title': 'Barcelona', 'short_title': 'BAR'}","{'h': '1', 'a': '2'}","{'h': '0.801843', 'a': '1.77255'}",2023-09-03 19:00:00,"{'w': '0.1036', 'd': '0.2246', 'l': '0.6718'}"
22734,True,"{'id': '145', 'title': 'Rayo Vallecano', 'short_title': 'RVL'}","{'id': '158', 'title': 'Alaves', 'short_title': 'ALA'}","{'h': '2', 'a': '0'}","{'h': '2.64605', 'a': '0.556231'}",2023-09-15 19:00:00,"{'w': '0.8732', 'd': '0.0969', 'l': '0.0299'}"
22725,True,"{'id': '147', 'title': 'Athletic Club', 'short_title': 'ATH'}","{'id': '261', 'title': 'Cadiz', 'short_title': 'CAD'}","{'h': '3', 'a': '0'}","{'h': '4.05837', 'a': '0.238836'}",2023-09-16 12:00:00,"{'w': '0.9863', 'd': '0.012', 'l': '0.0017'}"
22731,True,"{'id': '146', 'title': 'Valencia', 'short_title': 'VAL'}","{'id': '143', 'title': 'Atletico Madrid', 'short_title': 'ATL'}","{'h': '3', 'a': '0'}","{'h': '2.22142', 'a': '0.564083'}",2023-09-16 14:15:00,"{'w': '0.827', 'd': '0.1301', 'l': '0.0429'}"
22727,True,"{'id': '152', 'title': 'Celta Vigo', 'short_title': 'CEL'}","{'id': '239', 'title': 'Mallorca', 'short_title': 'MAL'}","{'h': '0', 'a': '1'}","{'h': '2.06489', 'a': '0.853213'}",2023-09-16 16:30:00,"{'w': '0.6936', 'd': '0.2094', 'l': '0.097'}"
22726,True,"{'id': '148', 'title': 'Barcelona', 'short_title': 'BAR'}","{'id': '153', 'title': 'Real Betis', 'short_title': 'BET'}","{'h': '5', 'a': '0'}","{'h': '2.54628', 'a': '0.852869'}",2023-09-16 19:00:00,"{'w': '0.785', 'd': '0.1428', 'l': '0.0722'}"
22728,True,"{'id': '142', 'title': 'Getafe', 'short_title': 'GET'}","{'id': '157', 'title': 'Osasuna', 'short_title': 'OSA'}","{'h': '3', 'a': '2'}","{'h': '0.736469', 'a': '1.29606'}",2023-09-17 12:00:00,"{'w': '0.1645', 'd': '0.2944', 'l': '0.5411'}"
22730,True,"{'id': '154', 'title': 'Villarreal', 'short_title': 'VIL'}","{'id': '208', 'title': 'Almeria', 'short_title': 'ALM'}","{'h': '2', 'a': '1'}","{'h': '1.43205', 'a': '1.76794'}",2023-09-17 14:15:00,"{'w': '0.2854', 'd': '0.2565', 'l': '0.4581'}"
22733,True,"{'id': '138', 'title': 'Sevilla', 'short_title': 'SEV'}","{'id': '144', 'title': 'Las Palmas', 'short_title': 'LPL'}","{'h': '1', 'a': '0'}","{'h': '2.43059', 'a': '1.03513'}",2023-09-17 16:30:00,"{'w': '0.7139', 'd': '0.1803', 'l': '0.1058'}"
22729,True,"{'id': '150', 'title': 'Real Madrid', 'short_title': 'RMA'}","{'id': '140', 'title': 'Real Sociedad', 'short_title': 'SOC'}","{'h': '2', 'a': '1'}","{'h': '2.56902', 'a': '2.1546'}",2023-09-17 19:00:00,"{'w': '0.4871', 'd': '0.2235', 'l': '0.2894'}"
22732,True,"{'id': '155', 'title': 'Granada', 'short_title': 'GRA'}","{'id': '223', 'title': 'Girona', 'short_title': 'GIR'}","{'h': '2', 'a': '4'}","{'h': '1.97263', 'a': '2.1418'}",2023-09-18 19:00:00,"{'w': '0.3135', 'd': '0.2797', 'l': '0.4068'}"
22742,True,"{'id': '158', 'title': 'Alaves', 'short_title': 'ALA'}","{'id': '147', 'title': 'Athletic Club', 'short_title': 'ATH'}","{'h': '0', 'a': '2'}","{'h': '1.97317', 'a': '1.77623'}",2023-09-22 19:00:00,"{'w': '0.429', 'd': '0.2456', 'l': '0.3254'}"
22739,True,"{'id': '223', 'title': 'Girona', 'short_title': 'GIR'}","{'id': '239', 'title': 'Mallorca', 'short_title': 'MAL'}","{'h': '5', 'a': '3'}","{'h': '4.19225', 'a': '2.42602'}",2023-09-23 12:00:00,"{'w': '0.7418', 'd': '0.1465', 'l': '0.1117'}"
22740,True,"{'id': '157', 'title': 'Osasuna', 'short_title': 'OSA'}","{'id': '138', 'title': 'Sevilla', 'short_title': 'SEV'}","{'h': '0', 'a': '0'}","{'h': '1.57361', 'a': '0.693906'}",2023-09-23 14:15:00,"{'w': '0.6193', 'd': '0.2438', 'l': '0.1369'}"
22737,True,"{'id': '148', 'title': 'Barcelona', 'short_title': 'BAR'}","{'id': '152', 'title': 'Celta Vigo', 'short_title': 'CEL'}","{'h': '3', 'a': '2'}","{'h': '1.82246', 'a': '1.67938'}",2023-09-23 16:30:00,"{'w': '0.4158', 'd': '0.2573', 'l': '0.3269'}"
22735,True,"{'id': '208', 'title': 'Almeria', 'short_title': 'ALM'}","{'id': '146', 'title': 'Valencia', 'short_title': 'VAL'}","{'h': '2', 'a': '2'}","{'h': '2.46387', 'a': '0.995742'}",2023-09-23 19:00:00,"{'w': '0.7642', 'd': '0.1723', 'l': '0.0635'}"
22743,True,"{'id': '140', 'title': 'Real Sociedad', 'short_title': 'SOC'}","{'id': '142', 'title': 'Getafe', 'short_title': 'GET'}","{'h': '4', 'a': '3'}","{'h': '2.13384', 'a': '1.59398'}",2023-09-24 12:00:00,"{'w': '0.4974', 'd': '0.2765', 'l': '0.2261'}"
22741,True,"{'id': '145', 'title': 'Rayo Vallecano', 'short_title': 'RVL'}","{'id': '154', 'title': 'Villarreal', 'short_title': 'VIL'}","{'h': '1', 'a': '1'}","{'h': '1.0345', 'a': '1.0365'}",2023-09-24 14:15:00,"{'w': '0.3428', 'd': '0.3188', 'l': '0.3384'}"
22738,True,"{'id': '153', 'title': 'Real Betis', 'short_title': 'BET'}","{'id': '261', 'title': 'Cadiz', 'short_title': 'CAD'}","{'h': '1', 'a': '1'}","{'h': '2.70742', 'a': '0.570946'}",2023-09-24 16:30:00,"{'w': '0.8593', 'd': '0.107', 'l': '0.0337'}"
22744,True,"{'id': '144', 'title': 'Las Palmas', 'short_title': 'LPL'}","{'id': '155', 'title': 'Granada', 'short_title': 'GRA'}","{'h': '1', 'a': '0'}","{'h': '0.701293', 'a': '0.0378648'}",2023-09-24 16:30:00,"{'w': '0.5347', 'd': '0.4485', 'l': '0.0168'}"
22736,True,"{'id': '143', 'title': 'Atletico Madrid', 'short_title': 'ATL'}","{'id': '150', 'title': 'Real Madrid', 'short_title': 'RMA'}","{'h': '3', 'a': '1'}","{'h': '1.79578', 'a': '0.847915'}",2023-09-24 19:00:00,"{'w': '0.6321', 'd': '0.2265', 'l': '0.1414'}"
22747,True,"{'id': '138', 'title': 'Sevilla', 'short_title': 'SEV'}","{'id': '208', 'title': 'Almeria', 'short_title': 'ALM'}","{'h': '5', 'a': '1'}","{'h': '2.90509', 'a': '1.37069'}",2023-09-26 17:00:00,"{'w': '0.732', 'd': '0.1651', 'l': '0.1029'}"
22749,True,"{'id': '239', 'title': 'Mallorca', 'short_title': 'MAL'}","{'id': '148', 'title': 'Barcelona', 'short_title': 'BAR'}","{'h': '2', 'a': '2'}","{'h': '1.21366', 'a': '1.62815'}",2023-09-26 19:30:00,"{'w': '0.251', 'd': '0.2782', 'l': '0.4708'}"
22745,True,"{'id': '147', 'title': 'Athletic Club', 'short_title': 'ATH'}","{'id': '142', 'title': 'Getafe', 'short_title': 'GET'}","{'h': '2', 'a': '2'}","{'h': '0.60877', 'a': '1.30782'}",2023-09-27 17:00:00,"{'w': '0.1485', 'd': '0.2884', 'l': '0.5631'}"
22751,True,"{'id': '154', 'title': 'Villarreal', 'short_title': 'VIL'}","{'id': '223', 'title': 'Girona', 'short_title': 'GIR'}","{'h': '1', 'a': '2'}","{'h': '1.89071', 'a': '2.29941'}",2023-09-27 17:00:00,"{'w': '0.2944', 'd': '0.2453', 'l': '0.4603'}"
22753,True,"{'id': '150', 'title': 'Real Madrid', 'short_title': 'RMA'}","{'id': '144', 'title': 'Las Palmas', 'short_title': 'LPL'}","{'h': '2', 'a': '0'}","{'h': '2.71542', 'a': '0.618032'}",2023-09-27 17:00:00,"{'w': '0.857', 'd': '0.0978', 'l': '0.0452'}"
22746,True,"{'id': '261', 'title': 'Cadiz', 'short_title': 'CAD'}","{'id': '145', 'title': 'Rayo Vallecano', 'short_title': 'RVL'}","{'h': '0', 'a': '0'}","{'h': '0.35761', 'a': '0.258447'}",2023-09-27 19:30:00,"{'w': '0.2453', 'd': '0.5812', 'l': '0.1735'}"
22752,True,"{'id': '146', 'title': 'Valencia', 'short_title': 'VAL'}","{'id': '140', 'title': 'Real Sociedad', 'short_title': 'SOC'}","{'h': '0', 'a': '1'}","{'h': '0.356756', 'a': '0.29355'}",2023-09-27 19:30:00,"{'w': '0.2243', 'd': '0.5722', 'l': '0.2035'}"
22750,True,"{'id': '155', 'title': 'Granada', 'short_title': 'GRA'}","{'id': '153', 'title': 'Real Betis', 'short_title': 'BET'}","{'h': '1', 'a': '1'}","{'h': '1.55108', 'a': '0.870668'}",2023-09-28 17:00:00,"{'w': '0.5424', 'd': '0.277', 'l': '0.1806'}"
22754,True,"{'id': '152', 'title': 'Celta Vigo', 'short_title': 'CEL'}","{'id': '158', 'title': 'Alaves', 'short_title': 'ALA'}","{'h': '1', 'a': '1'}","{'h': '0.497466', 'a': '2.39712'}",2023-09-28 17:00:00,"{'w': '0.0393', 'd': '0.1154', 'l': '0.8453'}"
22748,True,"{'id': '157', 'title': 'Osasuna', 'short_title': 'OSA'}","{'id': '143', 'title': 'Atletico Madrid', 'short_title': 'ATL'}","{'h': '0', 'a': '2'}","{'h': '0.759357', 'a': '1.22827'}",2023-09-28 19:30:00,"{'w': '0.1837', 'd': '0.2996', 'l': '0.5167'}"
22757,True,"{'id': '148', 'title': 'Barcelona', 'short_title': 'BAR'}","{'id': '138', 'title': 'Sevilla', 'short_title': 'SEV'}","{'h': '1', 'a': '0'}","{'h': '2.5598', 'a': '1.07557'}",2023-09-29 19:00:00,"{'w': '0.7342', 'd': '0.1636', 'l': '0.1022'}"
22759,True,"{'id': '142', 'title': 'Getafe', 'short_title': 'GET'}","{'id': '154', 'title': 'Villarreal', 'short_title': 'VIL'}","{'h': '0', 'a': '0'}","{'h': '0.768368', 'a': '0.112227'}",2023-09-30 12:00:00,"{'w': '0.5089', 'd': '0.4436', 'l': '0.0475'}"
22764,True,"{'id': '145', 'title': 'Rayo Vallecano', 'short_title': 'RVL'}","{'id': '239', 'title': 'Mallorca', 'short_title': 'MAL'}","{'h': '2', 'a': '2'}","{'h': '1.78616', 'a': '1.33689'}",2023-09-30 14:15:00,"{'w': '0.4786', 'd': '0.2808', 'l': '0.2406'}"
22760,True,"{'id': '223', 'title': 'Girona', 'short_title': 'GIR'}","{'id': '150', 'title': 'Real Madrid', 'short_title': 'RMA'}","{'h': '0', 'a': '3'}","{'h': '2.17781', 'a': '2.78602'}",2023-09-30 16:30:00,"{'w': '0.244', 'd': '0.2326', 'l': '0.5234'}"
22762,True,"{'id': '140', 'title': 'Real Sociedad', 'short_title': 'SOC'}","{'id': '147', 'title': 'Athletic Club', 'short_title': 'ATH'}","{'h': '3', 'a': '0'}","{'h': '1.38238', 'a': '1.96039'}",2023-09-30 19:00:00,"{'w': '0.2216', 'd': '0.2612', 'l': '0.5172'}"
22755,True,"{'id': '208', 'title': 'Almeria', 'short_title': 'ALM'}","{'id': '155', 'title': 'Granada', 'short_title': 'GRA'}","{'h': '3', 'a': '3'}","{'h': '2.24188', 'a': '3.51421'}",2023-10-01 12:00:00,"{'w': '0.1415', 'd': '0.1682', 'l': '0.6903'}"
22761,True,"{'id': '158', 'title': 'Alaves', 'short_title': 'ALA'}","{'id': '157', 'title': 'Osasuna', 'short_title': 'OSA'}","{'h': '0', 'a': '2'}","{'h': '1.5824', 'a': '1.26744'}",2023-10-01 14:15:00,"{'w': '0.4488', 'd': '0.2676', 'l': '0.2836'}"
22756,True,"{'id': '143', 'title': 'Atletico Madrid', 'short_title': 'ATL'}","{'id': '261', 'title': 'Cadiz', 'short_title': 'CAD'}","{'h': '3', 'a': '2'}","{'h': '3.10102', 'a': '0.677345'}",2023-10-01 19:00:00,"{'w': '0.9011', 'd': '0.075', 'l': '0.0239'}"
22758,True,"{'id': '153', 'title': 'Real Betis', 'short_title': 'BET'}","{'id': '146', 'title': 'Valencia', 'short_title': 'VAL'}","{'h': '3', 'a': '0'}","{'h': '2.53745', 'a': '0.510459'}",2023-10-01 19:00:00,"{'w': '0.8594', 'd': '0.106', 'l': '0.0346'}"
22763,True,"{'id': '144', 'title': 'Las Palmas', 'short_title': 'LPL'}","{'id': '152', 'title': 'Celta Vigo', 'short_title': 'CEL'}","{'h': '2', 'a': '1'}","{'h': '1.46382', 'a': '1.54337'}",2023-10-02 19:00:00,"{'w': '0.3143', 'd': '0.3114', 'l': '0.3743'}"
22770,True,"{'id': '147', 'title': 'Athletic Club', 'short_title': 'ATH'}","{'id': '208', 'title': 'Almeria', 'short_title': 'ALM'}","{'h': '3', 'a': '0'}","{'h': '3.02889', 'a': '0.0892217'}",2023-10-06 19:00:00,"{'w': '0.9695', 'd': '0.0288', 'l': '0.0017'}"
22766,True,"{'id': '261', 'title': 'Cadiz', 'short_title': 'CAD'}","{'id': '223', 'title': 'Girona', 'short_title': 'GIR'}","{'h': '0', 'a': '1'}","{'h': '0.653575', 'a': '1.26462'}",2023-10-07 12:00:00,"{'w': '0.1682', 'd': '0.3139', 'l': '0.5179'}"
22772,True,"{'id': '150', 'title': 'Real Madrid', 'short_title': 'RMA'}","{'id': '157', 'title': 'Osasuna', 'short_title': 'OSA'}","{'h': '4', 'a': '0'}","{'h': '4.47802', 'a': '0.164111'}",2023-10-07 14:15:00,"{'w': '0.9981', 'd': '0.0017', 'l': '0.0002'}"
22768,True,"{'id': '239', 'title': 'Mallorca', 'short_title': 'MAL'}","{'id': '146', 'title': 'Valencia', 'short_title': 'VAL'}","{'h': '1', 'a': '1'}","{'h': '0.919992', 'a': '0.509313'}",2023-10-07 16:30:00,"{'w': '0.4568', 'd': '0.3563', 'l': '0.1869'}"
22773,True,"{'id': '138', 'title': 'Sevilla', 'short_title': 'SEV'}","{'id': '145', 'title': 'Rayo Vallecano', 'short_title': 'RVL'}","{'h': '2', 'a': '2'}","{'h': '0.807105', 'a': '0.998714'}",2023-10-07 19:00:00,"{'w': '0.2594', 'd': '0.3336', 'l': '0.407'}"
22774,True,"{'id': '154', 'title': 'Villarreal', 'short_title': 'VIL'}","{'id': '144', 'title': 'Las Palmas', 'short_title': 'LPL'}","{'h': '1', 'a': '2'}","{'h': '1.16305', 'a': '1.1602'}",2023-10-08 12:00:00,"{'w': '0.3227', 'd': '0.3388', 'l': '0.3385'}"
22765,True,"{'id': '143', 'title': 'Atletico Madrid', 'short_title': 'ATL'}","{'id': '140', 'title': 'Real Sociedad', 'short_title': 'SOC'}","{'h': '2', 'a': '1'}","{'h': '2.94239', 'a': '0.928071'}",2023-10-08 14:15:00,"{'w': '0.8306', 'd': '0.1169', 'l': '0.0525'}"
22767,True,"{'id': '152', 'title': 'Celta Vigo', 'short_title': 'CEL'}","{'id': '142', 'title': 'Getafe', 'short_title': 'GET'}","{'h': '2', 'a': '2'}","{'h': '3.02859', 'a': '1.00866'}",2023-10-08 16:30:00,"{'w': '0.8571', 'd': '0.1097', 'l': '0.0332'}"
22769,True,"{'id': '158', 'title': 'Alaves', 'short_title': 'ALA'}","{'id': '153', 'title': 'Real Betis', 'short_title': 'BET'}","{'h': '1', 'a': '1'}","{'h': '1.89594', 'a': '0.872851'}",2023-10-08 16:30:00,"{'w': '0.6479', 'd': '0.2363', 'l': '0.1158'}"
22771,True,"{'id': '155', 'title': 'Granada', 'short_title': 'GRA'}","{'id': '148', 'title': 'Barcelona', 'short_title': 'BAR'}","{'h': '2', 'a': '2'}","{'h': '0.611577', 'a': '2.99552'}",2023-10-08 19:00:00,"{'w': '0.0144', 'd': '0.0576', 'l': '0.928'}"
22783,True,"{'id': '157', 'title': 'Osasuna', 'short_title': 'OSA'}","{'id': '155', 'title': 'Granada', 'short_title': 'GRA'}","{'h': '2', 'a': '0'}","{'h': '1.79846', 'a': '0.776224'}",2023-10-20 19:00:00,"{'w': '0.6815', 'd': '0.2031', 'l': '0.1154'}"
22781,True,"{'id': '140', 'title': 'Real Sociedad', 'short_title': 'SOC'}","{'id': '239', 'title': 'Mallorca', 'short_title': 'MAL'}","{'h': '1', 'a': '0'}","{'h': '2.0056', 'a': '2.03914'}",2023-10-21 12:00:00,"{'w': '0.3752', 'd': '0.2464', 'l': '0.3784'}"
22779,True,"{'id': '142', 'title': 'Getafe', 'short_title': 'GET'}","{'id': '153', 'title': 'Real Betis', 'short_title': 'BET'}","{'h': '1', 'a': '1'}","{'h': '1.86677', 'a': '1.42816'}",2023-10-21 14:15:00,"{'w': '0.4857', 'd': '0.2446', 'l': '0.2697'}"
22782,True,"{'id': '138', 'title': 'Sevilla', 'short_title': 'SEV'}","{'id': '150', 'title': 'Real Madrid', 'short_title': 'RMA'}","{'h': '1', 'a': '1'}","{'h': '1.8723', 'a': '2.17904'}",2023-10-21 16:30:00,"{'w': '0.3034', 'd': '0.24', 'l': '0.4566'}"
22778,True,"{'id': '152', 'title': 'Celta Vigo', 'short_title': 'CEL'}","{'id': '143', 'title': 'Atletico Madrid', 'short_title': 'ATL'}","{'h': '0', 'a': '3'}","{'h': '1.26757', 'a': '2.39246'}",2023-10-21 19:00:00,"{'w': '0.1396', 'd': '0.1941', 'l': '0.6663'}"
22775,True,"{'id': '144', 'title': 'Las Palmas', 'short_title': 'LPL'}","{'id': '145', 'title': 'Rayo Vallecano', 'short_title': 'RVL'}","{'h': '0', 'a': '1'}","{'h': '1.18559', 'a': '1.25598'}",2023-10-22 12:00:00,"{'w': '0.2949', 'd': '0.3746', 'l': '0.3305'}"
22776,True,"{'id': '223', 'title': 'Girona', 'short_title': 'GIR'}","{'id': '208', 'title': 'Almeria', 'short_title': 'ALM'}","{'h': '5', 'a': '2'}","{'h': '2.1972', 'a': '0.878392'}",2023-10-22 14:15:00,"{'w': '0.7141', 'd': '0.1996', 'l': '0.0863'}"
22784,True,"{'id': '154', 'title': 'Villarreal', 'short_title': 'VIL'}","{'id': '158', 'title': 'Alaves', 'short_title': 'ALA'}","{'h': '1', 'a': '1'}","{'h': '1.71642', 'a': '1.79896'}",2023-10-22 16:30:00,"{'w': '0.3522', 'd': '0.2629', 'l': '0.3849'}"
22777,True,"{'id': '148', 'title': 'Barcelona', 'short_title': 'BAR'}","{'id': '147', 'title': 'Athletic Club', 'short_title': 'ATH'}","{'h': '1', 'a': '0'}","{'h': '1.70266', 'a': '0.453295'}",2023-10-22 19:00:00,"{'w': '0.7325', 'd': '0.1993', 'l': '0.0682'}"
22780,True,"{'id': '146', 'title': 'Valencia', 'short_title': 'VAL'}","{'id': '261', 'title': 'Cadiz', 'short_title': 'CAD'}","{'h': '2', 'a': '0'}","{'h': '1.6763', 'a': '0.551967'}",2023-10-23 19:00:00,"{'w': '0.7356', 'd': '0.2053', 'l': '0.0591'}"
22792,True,"{'id': '223', 'title': 'Girona', 'short_title': 'GIR'}","{'id': '152', 'title': 'Celta Vigo', 'short_title': 'CEL'}","{'h': '1', 'a': '0'}","{'h': '0.619488', 'a': '0.174681'}",2023-10-27 19:00:00,"{'w': '0.4153', 'd': '0.498', 'l': '0.0867'}"
22785,True,"{'id': '208', 'title': 'Almeria', 'short_title': 'ALM'}","{'id': '144', 'title': 'Las Palmas', 'short_title': 'LPL'}","{'h': '1', 'a': '2'}","{'h': '0.275712', 'a': '1.06446'}",2023-10-28 12:00:00,"{'w': '0.0801', 'd': '0.3229', 'l': '0.597'}"
22787,True,"{'id': '148', 'title': 'Barcelona', 'short_title': 'BAR'}","{'id': '150', 'title': 'Real Madrid', 'short_title': 'RMA'}","{'h': '1', 'a': '2'}","{'h': '1.32038', 'a': '0.959404'}",2023-10-28 14:15:00,"{'w': '0.4475', 'd': '0.3183', 'l': '0.2342'}"
22793,True,"{'id': '239', 'title': 'Mallorca', 'short_title': 'MAL'}","{'id': '142', 'title': 'Getafe', 'short_title': 'GET'}","{'h': '0', 'a': '0'}","{'h': '0.722341', 'a': '0.292202'}",2023-10-28 16:30:00,"{'w': '0.4265', 'd': '0.4343', 'l': '0.1392'}"
22789,True,"{'id': '261', 'title': 'Cadiz', 'short_title': 'CAD'}","{'id': '138', 'title': 'Sevilla', 'short_title': 'SEV'}","{'h': '2', 'a': '2'}","{'h': '1.42705', 'a': '1.28392'}",2023-10-28 19:00:00,"{'w': '0.3895', 'd': '0.2897', 'l': '0.3208'}"
22788,True,"{'id': '153', 'title': 'Real Betis', 'short_title': 'BET'}","{'id': '157', 'title': 'Osasuna', 'short_title': 'OSA'}","{'h': '2', 'a': '1'}","{'h': '1.43393', 'a': '0.446425'}",2023-10-29 13:00:00,"{'w': '0.6815', 'd': '0.2402', 'l': '0.0783'}"
22790,True,"{'id': '145', 'title': 'Rayo Vallecano', 'short_title': 'RVL'}","{'id': '140', 'title': 'Real Sociedad', 'short_title': 'SOC'}","{'h': '2', 'a': '2'}","{'h': '0.844003', 'a': '1.93178'}",2023-10-29 15:15:00,"{'w': '0.1124', 'd': '0.2136', 'l': '0.674'}"
22786,True,"{'id': '147', 'title': 'Athletic Club', 'short_title': 'ATH'}","{'id': '146', 'title': 'Valencia', 'short_title': 'VAL'}","{'h': '2', 'a': '2'}","{'h': '1.63308', 'a': '2.17868'}",2023-10-29 17:30:00,"{'w': '0.2401', 'd': '0.2453', 'l': '0.5146'}"
22794,True,"{'id': '143', 'title': 'Atletico Madrid', 'short_title': 'ATL'}","{'id': '158', 'title': 'Alaves', 'short_title': 'ALA'}","{'h': '2', 'a': '1'}","{'h': '1.94088', 'a': '0.385398'}",2023-10-29 20:00:00,"{'w': '0.7975', 'd': '0.1579', 'l': '0.0446'}"
22791,True,"{'id': '155', 'title': 'Granada', 'short_title': 'GRA'}","{'id': '154', 'title': 'Villarreal', 'short_title': 'VIL'}","{'h': '2', 'a': '3'}","{'h': '2.80131', 'a': '1.90197'}",2023-10-30 20:00:00,"{'w': '0.5891', 'd': '0.2131', 'l': '0.1978'}"
22799,True,"{'id': '144', 'title': 'Las Palmas', 'short_title': 'LPL'}","{'id': '143', 'title': 'Atletico Madrid', 'short_title': 'ATL'}","{'h': '2', 'a': '1'}","{'h': '0.452709', 'a': '1.52768'}",2023-11-03 19:00:00,"{'w': '0.0984', 'd': '0.23', 'l': '0.6716'}"
22802,True,"{'id': '157', 'title': 'Osasuna', 'short_title': 'OSA'}","{'id': '223', 'title': 'Girona', 'short_title': 'GIR'}","{'h': '2', 'a': '4'}","{'h': '2.18398', 'a': '2.78694'}",2023-11-04 13:00:00,"{'w': '0.2305', 'd': '0.2348', 'l': '0.5347'}"
22795,True,"{'id': '153', 'title': 'Real Betis', 'short_title': 'BET'}","{'id': '239', 'title': 'Mallorca', 'short_title': 'MAL'}","{'h': '2', 'a': '0'}","{'h': '2.84664', 'a': '0.540374'}",2023-11-04 15:15:00,"{'w': '0.8986', 'd': '0.0821', 'l': '0.0193'}"
22796,True,"{'id': '152', 'title': 'Celta Vigo', 'short_title': 'CEL'}","{'id': '138', 'title': 'Sevilla', 'short_title': 'SEV'}","{'h': '1', 'a': '1'}","{'h': '3.01524', 'a': '1.25089'}",2023-11-04 17:30:00,"{'w': '0.7764', 'd': '0.1446', 'l': '0.079'}"
22800,True,"{'id': '140', 'title': 'Real Sociedad', 'short_title': 'SOC'}","{'id': '148', 'title': 'Barcelona', 'short_title': 'BAR'}","{'h': '0', 'a': '1'}","{'h': '0.84705', 'a': '1.22041'}",2023-11-04 20:00:00,"{'w': '0.2387', 'd': '0.3087', 'l': '0.4526'}"
22797,True,"{'id': '158', 'title': 'Alaves', 'short_title': 'ALA'}","{'id': '208', 'title': 'Almeria', 'short_title': 'ALM'}","{'h': '1', 'a': '0'}","{'h': '2.57982', 'a': '0.893084'}",2023-11-05 13:00:00,"{'w': '0.7873', 'd': '0.1467', 'l': '0.066'}"
22804,True,"{'id': '146', 'title': 'Valencia', 'short_title': 'VAL'}","{'id': '155', 'title': 'Granada', 'short_title': 'GRA'}","{'h': '1', 'a': '0'}","{'h': '1.18921', 'a': '0.344591'}",2023-11-05 15:15:00,"{'w': '0.6631', 'd': '0.2643', 'l': '0.0726'}"
22798,True,"{'id': '154', 'title': 'Villarreal', 'short_title': 'VIL'}","{'id': '147', 'title': 'Athletic Club', 'short_title': 'ATH'}","{'h': '2', 'a': '3'}","{'h': '1.78074', 'a': '2.22797'}",2023-11-05 17:30:00,"{'w': '0.273', 'd': '0.2426', 'l': '0.4844'}"
22803,True,"{'id': '150', 'title': 'Real Madrid', 'short_title': 'RMA'}","{'id': '145', 'title': 'Rayo Vallecano', 'short_title': 'RVL'}","{'h': '0', 'a': '0'}","{'h': '1.85349', 'a': '0.134981'}",2023-11-05 20:00:00,"{'w': '0.8382', 'd': '0.1442', 'l': '0.0176'}"
22801,True,"{'id': '142', 'title': 'Getafe', 'short_title': 'GET'}","{'id': '261', 'title': 'Cadiz', 'short_title': 'CAD'}","{'h': '1', 'a': '0'}","{'h': '1.21452', 'a': '0.821864'}",2023-11-06 20:00:00,"{'w': '0.4424', 'd': '0.338', 'l': '0.2196'}"
22806,True,"{'id': '147', 'title': 'Athletic Club', 'short_title': 'ATH'}","{'id': '152', 'title': 'Celta Vigo', 'short_title': 'CEL'}","{'h': '4', 'a': '3'}","{'h': '4.72334', 'a': '2.25302'}",2023-11-10 20:00:00,"{'w': '0.8612', 'd': '0.0869', 'l': '0.0519'}"
22812,True,"{'id': '145', 'title': 'Rayo Vallecano', 'short_title': 'RVL'}","{'id': '223', 'title': 'Girona', 'short_title': 'GIR'}","{'h': '1', 'a': '2'}","{'h': '1.67584', 'a': '4.2691'}",2023-11-11 13:00:00,"{'w': '0.0477', 'd': '0.0746', 'l': '0.8777'}"
22805,True,"{'id': '208', 'title': 'Almeria', 'short_title': 'ALM'}","{'id': '140', 'title': 'Real Sociedad', 'short_title': 'SOC'}","{'h': '1', 'a': '3'}","{'h': '0.637245', 'a': '2.53693'}",2023-11-11 15:15:00,"{'w': '0.0293', 'd': '0.1024', 'l': '0.8683'}"
22811,True,"{'id': '155', 'title': 'Granada', 'short_title': 'GRA'}","{'id': '142', 'title': 'Getafe', 'short_title': 'GET'}","{'h': '1', 'a': '1'}","{'h': '1.4404', 'a': '2.30149'}",2023-11-11 17:30:00,"{'w': '0.1407', 'd': '0.2262', 'l': '0.6331'}"
22813,True,"{'id': '157', 'title': 'Osasuna', 'short_title': 'OSA'}","{'id': '144', 'title': 'Las Palmas', 'short_title': 'LPL'}","{'h': '1', 'a': '1'}","{'h': '1.44069', 'a': '0.291858'}",2023-11-11 17:30:00,"{'w': '0.7184', 'd': '0.2273', 'l': '0.0543'}"
22808,True,"{'id': '150', 'title': 'Real Madrid', 'short_title': 'RMA'}","{'id': '146', 'title': 'Valencia', 'short_title': 'VAL'}","{'h': '5', 'a': '1'}","{'h': '1.90598', 'a': '2.03068'}",2023-11-11 20:00:00,"{'w': '0.3347', 'd': '0.2377', 'l': '0.4276'}"
22814,True,"{'id': '148', 'title': 'Barcelona', 'short_title': 'BAR'}","{'id': '158', 'title': 'Alaves', 'short_title': 'ALA'}","{'h': '2', 'a': '1'}","{'h': '1.81139', 'a': '1.83858'}",2023-11-12 15:15:00,"{'w': '0.3435', 'd': '0.2874', 'l': '0.3691'}"
22809,True,"{'id': '138', 'title': 'Sevilla', 'short_title': 'SEV'}","{'id': '153', 'title': 'Real Betis', 'short_title': 'BET'}","{'h': '1', 'a': '1'}","{'h': '0.615603', 'a': '2.17922'}",2023-11-12 17:30:00,"{'w': '0.0467', 'd': '0.153', 'l': '0.8003'}"
22807,True,"{'id': '143', 'title': 'Atletico Madrid', 'short_title': 'ATL'}","{'id': '154', 'title': 'Villarreal', 'short_title': 'VIL'}","{'h': '3', 'a': '1'}","{'h': '3.93786', 'a': '0.868854'}",2023-11-12 20:00:00,"{'w': '0.9411', 'd': '0.0461', 'l': '0.0128'}"
22819,True,"{'id': '158', 'title': 'Alaves', 'short_title': 'ALA'}","{'id': '155', 'title': 'Granada', 'short_title': 'GRA'}","{'h': '3', 'a': '1'}","{'h': '0.871813', 'a': '1.13855'}",2023-11-24 20:00:00,"{'w': '0.2131', 'd': '0.3645', 'l': '0.4224'}"
22822,True,"{'id': '145', 'title': 'Rayo Vallecano', 'short_title': 'RVL'}","{'id': '148', 'title': 'Barcelona', 'short_title': 'BAR'}","{'h': '1', 'a': '1'}","{'h': '0.912299', 'a': '1.30627'}",2023-11-25 13:00:00,"{'w': '0.2316', 'd': '0.3287', 'l': '0.4397'}"
22823,True,"{'id': '146', 'title': 'Valencia', 'short_title': 'VAL'}","{'id': '152', 'title': 'Celta Vigo', 'short_title': 'CEL'}","{'h': '0', 'a': '0'}","{'h': '0.247015', 'a': '0.609862'}",2023-11-25 15:15:00,"{'w': '0.1246', 'd': '0.4897', 'l': '0.3857'}"
22820,True,"{'id': '142', 'title': 'Getafe', 'short_title': 'GET'}","{'id': '208', 'title': 'Almeria', 'short_title': 'ALM'}","{'h': '2', 'a': '1'}","{'h': '1.39391', 'a': '1.72918'}",2023-11-25 17:30:00,"{'w': '0.2579', 'd': '0.271', 'l': '0.4711'}"
22815,True,"{'id': '143', 'title': 'Atletico Madrid', 'short_title': 'ATL'}","{'id': '239', 'title': 'Mallorca', 'short_title': 'MAL'}","{'h': '1', 'a': '0'}","{'h': '2.29683', 'a': '0.945212'}",2023-11-25 20:00:00,"{'w': '0.712', 'd': '0.1882', 'l': '0.0998'}"
22824,True,"{'id': '154', 'title': 'Villarreal', 'short_title': 'VIL'}","{'id': '157', 'title': 'Osasuna', 'short_title': 'OSA'}","{'h': '3', 'a': '1'}","{'h': '2.84591', 'a': '1.26437'}",2023-11-26 13:00:00,"{'w': '0.7811', 'd': '0.15', 'l': '0.0689'}"
22818,True,"{'id': '140', 'title': 'Real Sociedad', 'short_title': 'SOC'}","{'id': '138', 'title': 'Sevilla', 'short_title': 'SEV'}","{'h': '2', 'a': '1'}","{'h': '1.05204', 'a': '0.374082'}",2023-11-26 15:15:00,"{'w': '0.5602', 'd': '0.3249', 'l': '0.1149'}"
22817,True,"{'id': '261', 'title': 'Cadiz', 'short_title': 'CAD'}","{'id': '150', 'title': 'Real Madrid', 'short_title': 'RMA'}","{'h': '0', 'a': '3'}","{'h': '1.13056', 'a': '1.84054'}",2023-11-26 17:30:00,"{'w': '0.1906', 'd': '0.2428', 'l': '0.5666'}"
22816,True,"{'id': '153', 'title': 'Real Betis', 'short_title': 'BET'}","{'id': '144', 'title': 'Las Palmas', 'short_title': 'LPL'}","{'h': '1', 'a': '0'}","{'h': '1.92649', 'a': '0.751589'}",2023-11-26 20:00:00,"{'w': '0.7196', 'd': '0.1976', 'l': '0.0828'}"
22821,True,"{'id': '223', 'title': 'Girona', 'short_title': 'GIR'}","{'id': '147', 'title': 'Athletic Club', 'short_title': 'ATH'}","{'h': '1', 'a': '1'}","{'h': '1.36177', 'a': '1.67266'}",2023-11-27 20:00:00,"{'w': '0.2881', 'd': '0.2664', 'l': '0.4455'}"
22810,True,"{'id': '239', 'title': 'Mallorca', 'short_title': 'MAL'}","{'id': '261', 'title': 'Cadiz', 'short_title': 'CAD'}","{'h': '1', 'a': '1'}","{'h': '0.8514', 'a': '0.251799'}",2023-11-29 20:00:00,"{'w': '0.5112', 'd': '0.3913', 'l': '0.0975'}"
22832,True,"{'id': '144', 'title': 'Las Palmas', 'short_title': 'LPL'}","{'id': '142', 'title': 'Getafe', 'short_title': 'GET'}","{'h': '2', 'a': '0'}","{'h': '1.8817', 'a': '0.76355'}",2023-12-01 19:00:00,"{'w': '0.7046', 'd': '0.2005', 'l': '0.0949'}"
22827,True,"{'id': '223', 'title': 'Girona', 'short_title': 'GIR'}","{'id': '146', 'title': 'Valencia', 'short_title': 'VAL'}","{'h': '2', 'a': '1'}","{'h': '1.85396', 'a': '1.00981'}",2023-12-02 13:00:00,"{'w': '0.6112', 'd': '0.2468', 'l': '0.142'}"
22826,True,"{'id': '147', 'title': 'Athletic Club', 'short_title': 'ATH'}","{'id': '145', 'title': 'Rayo Vallecano', 'short_title': 'RVL'}","{'h': '4', 'a': '0'}","{'h': '1.6869', 'a': '0.34629'}",2023-12-02 15:15:00,"{'w': '0.7559', 'd': '0.1887', 'l': '0.0554'}"
22833,True,"{'id': '150', 'title': 'Real Madrid', 'short_title': 'RMA'}","{'id': '155', 'title': 'Granada', 'short_title': 'GRA'}","{'h': '2', 'a': '0'}","{'h': '2.2606', 'a': '0.110085'}",2023-12-02 17:30:00,"{'w': '0.9357', 'd': '0.0598', 'l': '0.0045'}"
22828,True,"{'id': '157', 'title': 'Osasuna', 'short_title': 'OSA'}","{'id': '140', 'title': 'Real Sociedad', 'short_title': 'SOC'}","{'h': '1', 'a': '1'}","{'h': '1.01822', 'a': '1.69944'}",2023-12-02 20:00:00,"{'w': '0.1781', 'd': '0.2751', 'l': '0.5468'}"
22834,True,"{'id': '239', 'title': 'Mallorca', 'short_title': 'MAL'}","{'id': '158', 'title': 'Alaves', 'short_title': 'ALA'}","{'h': '0', 'a': '0'}","{'h': '0.909609', 'a': '0.277842'}",2023-12-03 13:00:00,"{'w': '0.5395', 'd': '0.3605', 'l': '0.1'}"
22825,True,"{'id': '208', 'title': 'Almeria', 'short_title': 'ALM'}","{'id': '153', 'title': 'Real Betis', 'short_title': 'BET'}","{'h': '0', 'a': '0'}","{'h': '2.69938', 'a': '0.769817'}",2023-12-03 15:15:00,"{'w': '0.8484', 'd': '0.1153', 'l': '0.0363'}"
22829,True,"{'id': '138', 'title': 'Sevilla', 'short_title': 'SEV'}","{'id': '154', 'title': 'Villarreal', 'short_title': 'VIL'}","{'h': '1', 'a': '1'}","{'h': '2.4784', 'a': '1.47061'}",2023-12-03 17:30:00,"{'w': '0.6349', 'd': '0.2316', 'l': '0.1335'}"
22830,True,"{'id': '148', 'title': 'Barcelona', 'short_title': 'BAR'}","{'id': '143', 'title': 'Atletico Madrid', 'short_title': 'ATL'}","{'h': '1', 'a': '0'}","{'h': '3.18789', 'a': '0.996297'}",2023-12-03 20:00:00,"{'w': '0.861', 'd': '0.0969', 'l': '0.0421'}"
22831,True,"{'id': '152', 'title': 'Celta Vigo', 'short_title': 'CEL'}","{'id': '261', 'title': 'Cadiz', 'short_title': 'CAD'}","{'h': '1', 'a': '1'}","{'h': '2.73216', 'a': '0.346727'}",2023-12-04 20:00:00,"{'w': '0.936', 'd': '0.0584', 'l': '0.0056'}"
22838,True,"{'id': '142', 'title': 'Getafe', 'short_title': 'GET'}","{'id': '146', 'title': 'Valencia', 'short_title': 'VAL'}","{'h': '1', 'a': '0'}","{'h': '0.841976', 'a': '0.183916'}",2023-12-08 20:00:00,"{'w': '0.5585', 'd': '0.3736', 'l': '0.0679'}"
22840,True,"{'id': '158', 'title': 'Alaves', 'short_title': 'ALA'}","{'id': '144', 'title': 'Las Palmas', 'short_title': 'LPL'}","{'h': '0', 'a': '1'}","{'h': '2.20546', 'a': '0.473883'}",2023-12-09 13:00:00,"{'w': '0.8342', 'd': '0.1275', 'l': '0.0383'}"
22836,True,"{'id': '153', 'title': 'Real Betis', 'short_title': 'BET'}","{'id': '150', 'title': 'Real Madrid', 'short_title': 'RMA'}","{'h': '1', 'a': '1'}","{'h': '1.51575', 'a': '0.803862'}",2023-12-09 15:15:00,"{'w': '0.5668', 'd': '0.2669', 'l': '0.1663'}"
22844,True,"{'id': '154', 'title': 'Villarreal', 'short_title': 'VIL'}","{'id': '140', 'title': 'Real Sociedad', 'short_title': 'SOC'}","{'h': '0', 'a': '3'}","{'h': '2.37019', 'a': '2.19834'}",2023-12-09 17:30:00,"{'w': '0.422', 'd': '0.2341', 'l': '0.3439'}"
22839,True,"{'id': '239', 'title': 'Mallorca', 'short_title': 'MAL'}","{'id': '138', 'title': 'Sevilla', 'short_title': 'SEV'}","{'h': '1', 'a': '0'}","{'h': '0.533315', 'a': '0.554467'}",2023-12-09 20:00:00,"{'w': '0.2945', 'd': '0.4317', 'l': '0.2738'}"
22841,True,"{'id': '143', 'title': 'Atletico Madrid', 'short_title': 'ATL'}","{'id': '208', 'title': 'Almeria', 'short_title': 'ALM'}","{'h': '2', 'a': '1'}","{'h': '2.16876', 'a': '1.6656'}",2023-12-10 13:00:00,"{'w': '0.5018', 'd': '0.2814', 'l': '0.2168'}"
22837,True,"{'id': '261', 'title': 'Cadiz', 'short_title': 'CAD'}","{'id': '157', 'title': 'Osasuna', 'short_title': 'OSA'}","{'h': '1', 'a': '1'}","{'h': '1.15321', 'a': '1.81825'}",2023-12-10 17:30:00,"{'w': '0.1877', 'd': '0.2486', 'l': '0.5637'}"
22835,True,"{'id': '148', 'title': 'Barcelona', 'short_title': 'BAR'}","{'id': '223', 'title': 'Girona', 'short_title': 'GIR'}","{'h': '2', 'a': '4'}","{'h': '4.25448', 'a': '2.93797'}",2023-12-10 20:00:00,"{'w': '0.6548', 'd': '0.1523', 'l': '0.1929'}"
22843,True,"{'id': '145', 'title': 'Rayo Vallecano', 'short_title': 'RVL'}","{'id': '152', 'title': 'Celta Vigo', 'short_title': 'CEL'}","{'h': '0', 'a': '0'}","{'h': '1.32415', 'a': '0.126167'}",2023-12-11 20:00:00,"{'w': '0.7193', 'd': '0.2483', 'l': '0.0324'}"
22842,True,"{'id': '155', 'title': 'Granada', 'short_title': 'GRA'}","{'id': '147', 'title': 'Athletic Club', 'short_title': 'ATH'}","{'h': '1', 'a': '1'}","{'h': '0.543471', 'a': '1.68816'}",2023-12-12 15:15:00,"{'w': '0.093', 'd': '0.2145', 'l': '0.6925'}"
22848,True,"{'id': '157', 'title': 'Osasuna', 'short_title': 'OSA'}","{'id': '145', 'title': 'Rayo Vallecano', 'short_title': 'RVL'}","{'h': '1', 'a': '0'}","{'h': '1.77561', 'a': '1.15316'}",2023-12-15 20:00:00,"{'w': '0.5466', 'd': '0.2667', 'l': '0.1867'}"
22847,True,"{'id': '152', 'title': 'Celta Vigo', 'short_title': 'CEL'}","{'id': '155', 'title': 'Granada', 'short_title': 'GRA'}","{'h': '1', 'a': '0'}","{'h': '1.33261', 'a': '0.690175'}",2023-12-16 13:00:00,"{'w': '0.5471', 'd': '0.293', 'l': '0.1599'}"
22846,True,"{'id': '147', 'title': 'Athletic Club', 'short_title': 'ATH'}","{'id': '143', 'title': 'Atletico Madrid', 'short_title': 'ATL'}","{'h': '2', 'a': '0'}","{'h': '2.73082', 'a': '0.342126'}",2023-12-16 15:15:00,"{'w': '0.9244', 'd': '0.0605', 'l': '0.0151'}"
22853,True,"{'id': '138', 'title': 'Sevilla', 'short_title': 'SEV'}","{'id': '142', 'title': 'Getafe', 'short_title': 'GET'}","{'h': '0', 'a': '3'}","{'h': '0.80788', 'a': '2.83746'}",2023-12-16 17:30:00,"{'w': '0.036', 'd': '0.1017', 'l': '0.8623'}"
22850,True,"{'id': '146', 'title': 'Valencia', 'short_title': 'VAL'}","{'id': '148', 'title': 'Barcelona', 'short_title': 'BAR'}","{'h': '1', 'a': '1'}","{'h': '0.78681', 'a': '3.16129'}",2023-12-16 20:00:00,"{'w': '0.0205', 'd': '0.0699', 'l': '0.9096'}"
22845,True,"{'id': '208', 'title': 'Almeria', 'short_title': 'ALM'}","{'id': '239', 'title': 'Mallorca', 'short_title': 'MAL'}","{'h': '0', 'a': '0'}","{'h': '0.314828', 'a': '1.51369'}",2023-12-17 13:00:00,"{'w': '0.0705', 'd': '0.225', 'l': '0.7045'}"
22851,True,"{'id': '140', 'title': 'Real Sociedad', 'short_title': 'SOC'}","{'id': '153', 'title': 'Real Betis', 'short_title': 'BET'}","{'h': '0', 'a': '0'}","{'h': '0.989954', 'a': '1.37163'}",2023-12-17 15:15:00,"{'w': '0.2368', 'd': '0.3014', 'l': '0.4618'}"
22852,True,"{'id': '144', 'title': 'Las Palmas', 'short_title': 'LPL'}","{'id': '261', 'title': 'Cadiz', 'short_title': 'CAD'}","{'h': '1', 'a': '1'}","{'h': '0.826817', 'a': '1.42619'}",2023-12-17 17:30:00,"{'w': '0.1808', 'd': '0.3106', 'l': '0.5086'}"
22849,True,"{'id': '150', 'title': 'Real Madrid', 'short_title': 'RMA'}","{'id': '154', 'title': 'Villarreal', 'short_title': 'VIL'}","{'h': '4', 'a': '1'}","{'h': '3.22478', 'a': '0.421986'}",2023-12-17 20:00:00,"{'w': '0.9365', 'd': '0.0532', 'l': '0.0103'}"
22854,True,"{'id': '223', 'title': 'Girona', 'short_title': 'GIR'}","{'id': '158', 'title': 'Alaves', 'short_title': 'ALA'}","{'h': '3', 'a': '0'}","{'h': '1.92988', 'a': '0.546438'}",2023-12-18 20:00:00,"{'w': '0.7781', 'd': '0.1661', 'l': '0.0558'}"
22860,True,"{'id': '145', 'title': 'Rayo Vallecano', 'short_title': 'RVL'}","{'id': '146', 'title': 'Valencia', 'short_title': 'VAL'}","{'h': '0', 'a': '1'}","{'h': '0.51265', 'a': '0.33485'}",2023-12-19 18:00:00,"{'w': '0.3164', 'd': '0.4975', 'l': '0.1861'}"
22856,True,"{'id': '143', 'title': 'Atletico Madrid', 'short_title': 'ATL'}","{'id': '142', 'title': 'Getafe', 'short_title': 'GET'}","{'h': '3', 'a': '3'}","{'h': '2.02936', 'a': '2.53681'}",2023-12-19 20:30:00,"{'w': '0.2588', 'd': '0.2443', 'l': '0.4969'}"
22861,True,"{'id': '155', 'title': 'Granada', 'short_title': 'GRA'}","{'id': '138', 'title': 'Sevilla', 'short_title': 'SEV'}","{'h': '0', 'a': '3'}","{'h': '1.12822', 'a': '0.514939'}",2023-12-19 20:30:00,"{'w': '0.5339', 'd': '0.3094', 'l': '0.1567'}"
22863,True,"{'id': '148', 'title': 'Barcelona', 'short_title': 'BAR'}","{'id': '208', 'title': 'Almeria', 'short_title': 'ALM'}","{'h': '3', 'a': '2'}","{'h': '4.04903', 'a': '1.39703'}",2023-12-20 18:00:00,"{'w': '0.8882', 'd': '0.0781', 'l': '0.0337'}"
22855,True,"{'id': '147', 'title': 'Athletic Club', 'short_title': 'ATH'}","{'id': '144', 'title': 'Las Palmas', 'short_title': 'LPL'}","{'h': '1', 'a': '0'}","{'h': '3.53577', 'a': '0.2514'}",2023-12-20 20:30:00,"{'w': '0.9792', 'd': '0.0183', 'l': '0.0025'}"
22864,True,"{'id': '154', 'title': 'Villarreal', 'short_title': 'VIL'}","{'id': '152', 'title': 'Celta Vigo', 'short_title': 'CEL'}","{'h': '3', 'a': '2'}","{'h': '2.59564', 'a': '1.98503'}",2023-12-20 20:30:00,"{'w': '0.5337', 'd': '0.2286', 'l': '0.2377'}"
22857,True,"{'id': '153', 'title': 'Real Betis', 'short_title': 'BET'}","{'id': '223', 'title': 'Girona', 'short_title': 'GIR'}","{'h': '1', 'a': '1'}","{'h': '1.61394', 'a': '1.64551'}",2023-12-21 18:00:00,"{'w': '0.3363', 'd': '0.2867', 'l': '0.377'}"
22858,True,"{'id': '261', 'title': 'Cadiz', 'short_title': 'CAD'}","{'id': '140', 'title': 'Real Sociedad', 'short_title': 'SOC'}","{'h': '0', 'a': '0'}","{'h': '0.856097', 'a': '0.6603'}",2023-12-21 18:00:00,"{'w': '0.3814', 'd': '0.3718', 'l': '0.2468'}"
22859,True,"{'id': '239', 'title': 'Mallorca', 'short_title': 'MAL'}","{'id': '157', 'title': 'Osasuna', 'short_title': 'OSA'}","{'h': '3', 'a': '2'}","{'h': '1.68391', 'a': '1.5871'}",2023-12-21 20:30:00,"{'w': '0.3735', 'd': '0.2752', 'l': '0.3513'}"
22862,True,"{'id': '158', 'title': 'Alaves', 'short_title': 'ALA'}","{'id': '150', 'title': 'Real Madrid', 'short_title': 'RMA'}","{'h': '0', 'a': '1'}","{'h': '0.388196', 'a': '0.947483'}",2023-12-21 20:30:00,"{'w': '0.1331', 'd': '0.3481', 'l': '0.5188'}"
22716,True,"{'id': '143', 'title': 'Atletico Madrid', 'short_title': 'ATL'}","{'id': '138', 'title': 'Sevilla', 'short_title': 'SEV'}","{'h': '1', 'a': '0'}","{'h': '1.53277', 'a': '0.279969'}",2023-12-23 14:15:00,"{'w': '0.7396', 'd': '0.2073', 'l': '0.0531'}"
22865,True,"{'id': '142', 'title': 'Getafe', 'short_title': 'GET'}","{'id': '145', 'title': 'Rayo Vallecano', 'short_title': 'RVL'}","{'h': '0', 'a': '2'}","{'h': '0.651184', 'a': '2.73568'}",2024-01-02 16:00:00,"{'w': '0.0164', 'd': '0.075', 'l': '0.9086'}"
22874,True,"{'id': '140', 'title': 'Real Sociedad', 'short_title': 'SOC'}","{'id': '158', 'title': 'Alaves', 'short_title': 'ALA'}","{'h': '1', 'a': '1'}","{'h': '0.98082', 'a': '0.969339'}",2024-01-02 18:15:00,"{'w': '0.3109', 'd': '0.3398', 'l': '0.3493'}"
22866,True,"{'id': '146', 'title': 'Valencia', 'short_title': 'VAL'}","{'id': '154', 'title': 'Villarreal', 'short_title': 'VIL'}","{'h': '3', 'a': '1'}","{'h': '2.78114', 'a': '1.15004'}",2024-01-02 20:30:00,"{'w': '0.7928', 'd': '0.1374', 'l': '0.0698'}"
22872,True,"{'id': '155', 'title': 'Granada', 'short_title': 'GRA'}","{'id': '261', 'title': 'Cadiz', 'short_title': 'CAD'}","{'h': '2', 'a': '0'}","{'h': '3.87666', 'a': '0.746073'}",2024-01-03 16:00:00,"{'w': '0.9461', 'd': '0.0406', 'l': '0.0133'}"
22871,True,"{'id': '152', 'title': 'Celta Vigo', 'short_title': 'CEL'}","{'id': '153', 'title': 'Real Betis', 'short_title': 'BET'}","{'h': '2', 'a': '1'}","{'h': '2.54675', 'a': '1.73674'}",2024-01-03 18:15:00,"{'w': '0.5911', 'd': '0.2167', 'l': '0.1922'}"
22873,True,"{'id': '150', 'title': 'Real Madrid', 'short_title': 'RMA'}","{'id': '239', 'title': 'Mallorca', 'short_title': 'MAL'}","{'h': '1', 'a': '0'}","{'h': '1.87575', 'a': '0.840414'}",2024-01-03 18:15:00,"{'w': '0.6576', 'd': '0.2298', 'l': '0.1126'}"
22869,True,"{'id': '223', 'title': 'Girona', 'short_title': 'GIR'}","{'id': '143', 'title': 'Atletico Madrid', 'short_title': 'ATL'}","{'h': '4', 'a': '3'}","{'h': '2.32369', 'a': '2.67389'}",2024-01-03 20:30:00,"{'w': '0.3197', 'd': '0.2198', 'l': '0.4605'}"
22867,True,"{'id': '157', 'title': 'Osasuna', 'short_title': 'OSA'}","{'id': '208', 'title': 'Almeria', 'short_title': 'ALM'}","{'h': '1', 'a': '0'}","{'h': '2.03356', 'a': '0.239636'}",2024-01-04 16:00:00,"{'w': '0.8491', 'd': '0.1263', 'l': '0.0246'}"
22868,True,"{'id': '138', 'title': 'Sevilla', 'short_title': 'SEV'}","{'id': '147', 'title': 'Athletic Club', 'short_title': 'ATH'}","{'h': '0', 'a': '2'}","{'h': '0.54777', 'a': '1.99704'}",2024-01-04 18:15:00,"{'w': '0.0719', 'd': '0.176', 'l': '0.7521'}"
22870,True,"{'id': '144', 'title': 'Las Palmas', 'short_title': 'LPL'}","{'id': '148', 'title': 'Barcelona', 'short_title': 'BAR'}","{'h': '1', 'a': '2'}","{'h': '0.967341', 'a': '2.3608'}",2024-01-04 20:30:00,"{'w': '0.0818', 'd': '0.1706', 'l': '0.7476'}"
22884,True,"{'id': '138', 'title': 'Sevilla', 'short_title': 'SEV'}","{'id': '158', 'title': 'Alaves', 'short_title': 'ALA'}","{'h': '2', 'a': '3'}","{'h': '2.49561', 'a': '2.08895'}",2024-01-12 20:00:00,"{'w': '0.4799', 'd': '0.2375', 'l': '0.2826'}"
22882,True,"{'id': '144', 'title': 'Las Palmas', 'short_title': 'LPL'}","{'id': '154', 'title': 'Villarreal', 'short_title': 'VIL'}","{'h': '3', 'a': '0'}","{'h': '0.963955', 'a': '1.71198'}",2024-01-13 13:00:00,"{'w': '0.1935', 'd': '0.2549', 'l': '0.5516'}"
22883,True,"{'id': '239', 'title': 'Mallorca', 'short_title': 'MAL'}","{'id': '152', 'title': 'Celta Vigo', 'short_title': 'CEL'}","{'h': '1', 'a': '1'}","{'h': '2.59976', 'a': '0.711693'}",2024-01-13 15:15:00,"{'w': '0.8409', 'd': '0.1153', 'l': '0.0438'}"
22876,True,"{'id': '147', 'title': 'Athletic Club', 'short_title': 'ATH'}","{'id': '140', 'title': 'Real Sociedad', 'short_title': 'SOC'}","{'h': '2', 'a': '1'}","{'h': '1.73042', 'a': '1.02381'}",2024-01-13 17:30:00,"{'w': '0.5861', 'd': '0.2837', 'l': '0.1302'}"
22879,True,"{'id': '153', 'title': 'Real Betis', 'short_title': 'BET'}","{'id': '155', 'title': 'Granada', 'short_title': 'GRA'}","{'h': '1', 'a': '0'}","{'h': '2.00904', 'a': '0.658067'}",2024-01-13 20:00:00,"{'w': '0.7154', 'd': '0.195', 'l': '0.0896'}"
22875,True,"{'id': '208', 'title': 'Almeria', 'short_title': 'ALM'}","{'id': '223', 'title': 'Girona', 'short_title': 'GIR'}","{'h': '0', 'a': '0'}","{'h': '2.20551', 'a': '0.246622'}",2024-01-14 13:00:00,"{'w': '0.8794', 'd': '0.1017', 'l': '0.0189'}"
22880,True,"{'id': '261', 'title': 'Cadiz', 'short_title': 'CAD'}","{'id': '146', 'title': 'Valencia', 'short_title': 'VAL'}","{'h': '1', 'a': '4'}","{'h': '1.55289', 'a': '1.7596'}",2024-01-14 15:15:00,"{'w': '0.299', 'd': '0.294', 'l': '0.407'}"
22887,True,"{'id': '158', 'title': 'Alaves', 'short_title': 'ALA'}","{'id': '261', 'title': 'Cadiz', 'short_title': 'CAD'}","{'h': '1', 'a': '0'}","{'h': '1.83115', 'a': '0.670357'}",2024-01-19 20:00:00,"{'w': '0.7053', 'd': '0.2138', 'l': '0.0809'}"
22894,True,"{'id': '145', 'title': 'Rayo Vallecano', 'short_title': 'RVL'}","{'id': '144', 'title': 'Las Palmas', 'short_title': 'LPL'}","{'h': '0', 'a': '2'}","{'h': '2.16832', 'a': '0.786109'}",2024-01-20 13:00:00,"{'w': '0.7291', 'd': '0.1812', 'l': '0.0897'}"
22893,True,"{'id': '154', 'title': 'Villarreal', 'short_title': 'VIL'}","{'id': '239', 'title': 'Mallorca', 'short_title': 'MAL'}","{'h': '1', 'a': '1'}","{'h': '1.7328', 'a': '0.430539'}",2024-01-20 15:15:00,"{'w': '0.7307', 'd': '0.1983', 'l': '0.071'}"
22889,True,"{'id': '146', 'title': 'Valencia', 'short_title': 'VAL'}","{'id': '147', 'title': 'Athletic Club', 'short_title': 'ATH'}","{'h': '1', 'a': '0'}","{'h': '0.7444', 'a': '0.351363'}",2024-01-20 17:30:00,"{'w': '0.4539', 'd': '0.4075', 'l': '0.1386'}"
22885,True,"{'id': '152', 'title': 'Celta Vigo', 'short_title': 'CEL'}","{'id': '140', 'title': 'Real Sociedad', 'short_title': 'SOC'}","{'h': '0', 'a': '1'}","{'h': '0.257377', 'a': '0.630224'}",2024-01-20 20:00:00,"{'w': '0.1215', 'd': '0.4666', 'l': '0.4119'}"
22892,True,"{'id': '157', 'title': 'Osasuna', 'short_title': 'OSA'}","{'id': '142', 'title': 'Getafe', 'short_title': 'GET'}","{'h': '3', 'a': '2'}","{'h': '1.57055', 'a': '1.50775'}",2024-01-21 13:00:00,"{'w': '0.3761', 'd': '0.2848', 'l': '0.3391'}"
22888,True,"{'id': '150', 'title': 'Real Madrid', 'short_title': 'RMA'}","{'id': '208', 'title': 'Almeria', 'short_title': 'ALM'}","{'h': '3', 'a': '2'}","{'h': '3.07258', 'a': '0.928735'}",2024-01-21 15:15:00,"{'w': '0.8583', 'd': '0.0981', 'l': '0.0436'}"
22891,True,"{'id': '153', 'title': 'Real Betis', 'short_title': 'BET'}","{'id': '148', 'title': 'Barcelona', 'short_title': 'BAR'}","{'h': '2', 'a': '4'}","{'h': '1.61122', 'a': '2.71025'}",2024-01-21 17:30:00,"{'w': '0.1698', 'd': '0.1871', 'l': '0.6431'}"
22886,True,"{'id': '223', 'title': 'Girona', 'short_title': 'GIR'}","{'id': '138', 'title': 'Sevilla', 'short_title': 'SEV'}","{'h': '5', 'a': '1'}","{'h': '2.95279', 'a': '0.947841'}",2024-01-21 20:00:00,"{'w': '0.8412', 'd': '0.111', 'l': '0.0478'}"
22890,True,"{'id': '155', 'title': 'Granada', 'short_title': 'GRA'}","{'id': '143', 'title': 'Atletico Madrid', 'short_title': 'ATL'}","{'h': '0', 'a': '1'}","{'h': '0.684269', 'a': '1.42876'}",2024-01-22 20:00:00,"{'w': '0.1461', 'd': '0.2569', 'l': '0.597'}"
22904,True,"{'id': '208', 'title': 'Almeria', 'short_title': 'ALM'}","{'id': '158', 'title': 'Alaves', 'short_title': 'ALA'}","{'h': '0', 'a': '3'}","{'h': '1.80182', 'a': '2.061'}",2024-01-26 20:00:00,"{'w': '0.3132', 'd': '0.2445', 'l': '0.4423'}"
22903,True,"{'id': '140', 'title': 'Real Sociedad', 'short_title': 'SOC'}","{'id': '145', 'title': 'Rayo Vallecano', 'short_title': 'RVL'}","{'h': '0', 'a': '0'}","{'h': '0.251108', 'a': '0.129675'}",2024-01-27 13:00:00,"{'w': '0.2059', 'd': '0.6925', 'l': '0.1016'}"
22899,True,"{'id': '144', 'title': 'Las Palmas', 'short_title': 'LPL'}","{'id': '150', 'title': 'Real Madrid', 'short_title': 'RMA'}","{'h': '1', 'a': '2'}","{'h': '0.929969', 'a': '2.05683'}",2024-01-27 15:15:00,"{'w': '0.1221', 'd': '0.2183', 'l': '0.6596'}"
22896,True,"{'id': '148', 'title': 'Barcelona', 'short_title': 'BAR'}","{'id': '154', 'title': 'Villarreal', 'short_title': 'VIL'}","{'h': '3', 'a': '5'}","{'h': '2.02779', 'a': '2.36875'}",2024-01-27 17:30:00,"{'w': '0.276', 'd': '0.2522', 'l': '0.4718'}"
22901,True,"{'id': '239', 'title': 'Mallorca', 'short_title': 'MAL'}","{'id': '153', 'title': 'Real Betis', 'short_title': 'BET'}","{'h': '0', 'a': '1'}","{'h': '1.72961', 'a': '0.400759'}",2024-01-27 20:00:00,"{'w': '0.7598', 'd': '0.1819', 'l': '0.0583'}"
22897,True,"{'id': '152', 'title': 'Celta Vigo', 'short_title': 'CEL'}","{'id': '223', 'title': 'Girona', 'short_title': 'GIR'}","{'h': '0', 'a': '1'}","{'h': '1.03961', 'a': '1.60712'}",2024-01-28 13:00:00,"{'w': '0.207', 'd': '0.2733', 'l': '0.5197'}"
22900,True,"{'id': '261', 'title': 'Cadiz', 'short_title': 'CAD'}","{'id': '147', 'title': 'Athletic Club', 'short_title': 'ATH'}","{'h': '0', 'a': '0'}","{'h': '0.367526', 'a': '0.25604'}",2024-01-28 15:15:00,"{'w': '0.2495', 'd': '0.5861', 'l': '0.1644'}"
22902,True,"{'id': '138', 'title': 'Sevilla', 'short_title': 'SEV'}","{'id': '157', 'title': 'Osasuna', 'short_title': 'OSA'}","{'h': '1', 'a': '1'}","{'h': '1.42372', 'a': '1.07779'}",2024-01-28 17:30:00,"{'w': '0.43', 'd': '0.3581', 'l': '0.2119'}"
22895,True,"{'id': '143', 'title': 'Atletico Madrid', 'short_title': 'ATL'}","{'id': '146', 'title': 'Valencia', 'short_title': 'VAL'}","{'h': '2', 'a': '0'}","{'h': '2.80234', 'a': '0.406631'}",2024-01-28 20:00:00,"{'w': '0.9292', 'd': '0.0587', 'l': '0.0121'}"
22898,True,"{'id': '142', 'title': 'Getafe', 'short_title': 'GET'}","{'id': '155', 'title': 'Granada', 'short_title': 'GRA'}","{'h': '2', 'a': '0'}","{'h': '1.03385', 'a': '1.504'}",2024-01-29 20:00:00,"{'w': '0.205', 'd': '0.314', 'l': '0.481'}"
22878,True,"{'id': '148', 'title': 'Barcelona', 'short_title': 'BAR'}","{'id': '157', 'title': 'Osasuna', 'short_title': 'OSA'}","{'h': '1', 'a': '0'}","{'h': '2.21737', 'a': '1.41966'}",2024-01-31 18:00:00,"{'w': '0.573', 'd': '0.2284', 'l': '0.1986'}"
22877,True,"{'id': '143', 'title': 'Atletico Madrid', 'short_title': 'ATL'}","{'id': '145', 'title': 'Rayo Vallecano', 'short_title': 'RVL'}","{'h': '2', 'a': '1'}","{'h': '1.29884', 'a': '0.426602'}",2024-01-31 20:00:00,"{'w': '0.6275', 'd': '0.2721', 'l': '0.1004'}"
22881,True,"{'id': '142', 'title': 'Getafe', 'short_title': 'GET'}","{'id': '150', 'title': 'Real Madrid', 'short_title': 'RMA'}","{'h': '0', 'a': '2'}","{'h': '0.791039', 'a': '2.72231'}",2024-02-01 20:00:00,"{'w': '0.0446', 'd': '0.1277', 'l': '0.8277'}"
22905,True,"{'id': '147', 'title': 'Athletic Club', 'short_title': 'ATH'}","{'id': '239', 'title': 'Mallorca', 'short_title': 'MAL'}","{'h': '4', 'a': '0'}","{'h': '1.95995', 'a': '0.469702'}",2024-02-02 20:00:00,"{'w': '0.7804', 'd': '0.1734', 'l': '0.0462'}"
22911,True,"{'id': '146', 'title': 'Valencia', 'short_title': 'VAL'}","{'id': '208', 'title': 'Almeria', 'short_title': 'ALM'}","{'h': '2', 'a': '1'}","{'h': '1.38646', 'a': '1.5882'}",2024-02-03 13:00:00,"{'w': '0.287', 'd': '0.3072', 'l': '0.4058'}"
22909,True,"{'id': '155', 'title': 'Granada', 'short_title': 'GRA'}","{'id': '144', 'title': 'Las Palmas', 'short_title': 'LPL'}","{'h': '1', 'a': '1'}","{'h': '0.155607', 'a': '1.27614'}",2024-02-03 15:15:00,"{'w': '0.0427', 'd': '0.2551', 'l': '0.7022'}"
22910,True,"{'id': '158', 'title': 'Alaves', 'short_title': 'ALA'}","{'id': '148', 'title': 'Barcelona', 'short_title': 'BAR'}","{'h': '1', 'a': '3'}","{'h': '1.04716', 'a': '1.55781'}",2024-02-03 17:30:00,"{'w': '0.2129', 'd': '0.2876', 'l': '0.4995'}"
22907,True,"{'id': '223', 'title': 'Girona', 'short_title': 'GIR'}","{'id': '140', 'title': 'Real Sociedad', 'short_title': 'SOC'}","{'h': '0', 'a': '0'}","{'h': '1.04543', 'a': '0.583723'}",2024-02-03 20:00:00,"{'w': '0.4805', 'd': '0.3332', 'l': '0.1863'}"
22913,True,"{'id': '154', 'title': 'Villarreal', 'short_title': 'VIL'}","{'id': '261', 'title': 'Cadiz', 'short_title': 'CAD'}","{'h': '0', 'a': '0'}","{'h': '1.00089', 'a': '0.686978'}",2024-02-04 13:00:00,"{'w': '0.4185', 'd': '0.3382', 'l': '0.2433'}"
22914,True,"{'id': '157', 'title': 'Osasuna', 'short_title': 'OSA'}","{'id': '152', 'title': 'Celta Vigo', 'short_title': 'CEL'}","{'h': '0', 'a': '3'}","{'h': '1.00524', 'a': '1.37845'}",2024-02-04 15:15:00,"{'w': '0.24', 'd': '0.2854', 'l': '0.4746'}"
22906,True,"{'id': '153', 'title': 'Real Betis', 'short_title': 'BET'}","{'id': '142', 'title': 'Getafe', 'short_title': 'GET'}","{'h': '1', 'a': '1'}","{'h': '1.54414', 'a': '1.9002'}",2024-02-04 17:30:00,"{'w': '0.2431', 'd': '0.3026', 'l': '0.4543'}"
22912,True,"{'id': '150', 'title': 'Real Madrid', 'short_title': 'RMA'}","{'id': '143', 'title': 'Atletico Madrid', 'short_title': 'ATL'}","{'h': '1', 'a': '1'}","{'h': '2.36334', 'a': '1.35012'}",2024-02-04 20:00:00,"{'w': '0.6424', 'd': '0.2166', 'l': '0.141'}"
22908,True,"{'id': '145', 'title': 'Rayo Vallecano', 'short_title': 'RVL'}","{'id': '138', 'title': 'Sevilla', 'short_title': 'SEV'}","{'h': '1', 'a': '2'}","{'h': '2.1306', 'a': '1.77647'}",2024-02-05 20:00:00,"{'w': '0.456', 'd': '0.2422', 'l': '0.3018'}"
22921,True,"{'id': '261', 'title': 'Cadiz', 'short_title': 'CAD'}","{'id': '153', 'title': 'Real Betis', 'short_title': 'BET'}","{'h': '0', 'a': '2'}","{'h': '0.755069', 'a': '1.43872'}",2024-02-09 20:00:00,"{'w': '0.1722', 'd': '0.2685', 'l': '0.5593'}"
22919,True,"{'id': '158', 'title': 'Alaves', 'short_title': 'ALA'}","{'id': '154', 'title': 'Villarreal', 'short_title': 'VIL'}","{'h': '1', 'a': '1'}","{'h': '2.09111', 'a': '1.29002'}",2024-02-10 13:00:00,"{'w': '0.5797', 'd': '0.2332', 'l': '0.1871'}"
22924,True,"{'id': '140', 'title': 'Real Sociedad', 'short_title': 'SOC'}","{'id': '157', 'title': 'Osasuna', 'short_title': 'OSA'}","{'h': '0', 'a': '1'}","{'h': '2.50503', 'a': '0.704714'}",2024-02-10 15:15:00,"{'w': '0.8065', 'd': '0.1344', 'l': '0.0591'}"
22923,True,"{'id': '150', 'title': 'Real Madrid', 'short_title': 'RMA'}","{'id': '223', 'title': 'Girona', 'short_title': 'GIR'}","{'h': '4', 'a': '0'}","{'h': '3.32636', 'a': '0.180194'}",2024-02-10 17:30:00,"{'w': '0.9844', 'd': '0.0143', 'l': '0.0013'}"
22918,True,"{'id': '144', 'title': 'Las Palmas', 'short_title': 'LPL'}","{'id': '146', 'title': 'Valencia', 'short_title': 'VAL'}","{'h': '2', 'a': '0'}","{'h': '1.41954', 'a': '0.251178'}",2024-02-10 20:00:00,"{'w': '0.7865', 'd': '0.1819', 'l': '0.0316'}"
22922,True,"{'id': '142', 'title': 'Getafe', 'short_title': 'GET'}","{'id': '152', 'title': 'Celta Vigo', 'short_title': 'CEL'}","{'h': '3', 'a': '2'}","{'h': '2.22295', 'a': '1.2733'}",2024-02-11 13:00:00,"{'w': '0.673', 'd': '0.2314', 'l': '0.0956'}"
22917,True,"{'id': '239', 'title': 'Mallorca', 'short_title': 'MAL'}","{'id': '145', 'title': 'Rayo Vallecano', 'short_title': 'RVL'}","{'h': '2', 'a': '1'}","{'h': '0.82898', 'a': '1.40787'}",2024-02-11 15:15:00,"{'w': '0.1715', 'd': '0.2917', 'l': '0.5368'}"
22920,True,"{'id': '138', 'title': 'Sevilla', 'short_title': 'SEV'}","{'id': '143', 'title': 'Atletico Madrid', 'short_title': 'ATL'}","{'h': '1', 'a': '0'}","{'h': '2.15338', 'a': '1.67549'}",2024-02-11 17:30:00,"{'w': '0.4943', 'd': '0.2408', 'l': '0.2649'}"
22916,True,"{'id': '148', 'title': 'Barcelona', 'short_title': 'BAR'}","{'id': '155', 'title': 'Granada', 'short_title': 'GRA'}","{'h': '3', 'a': '3'}","{'h': '2.5229', 'a': '1.20453'}",2024-02-11 20:00:00,"{'w': '0.7257', 'd': '0.1768', 'l': '0.0975'}"
22915,True,"{'id': '208', 'title': 'Almeria', 'short_title': 'ALM'}","{'id': '147', 'title': 'Athletic Club', 'short_title': 'ATH'}","{'h': '0', 'a': '0'}","{'h': '0.900611', 'a': '0.621857'}",2024-02-12 20:00:00,"{'w': '0.4146', 'd': '0.3584', 'l': '0.227'}"
22932,True,"{'id': '154', 'title': 'Villarreal', 'short_title': 'VIL'}","{'id': '142', 'title': 'Getafe', 'short_title': 'GET'}","{'h': '1', 'a': '1'}","{'h': '1.61961', 'a': '0.976893'}",2024-02-16 20:00:00,"{'w': '0.5353', 'd': '0.2673', 'l': '0.1974'}"
22926,True,"{'id': '143', 'title': 'Atletico Madrid', 'short_title': 'ATL'}","{'id': '144', 'title': 'Las Palmas', 'short_title': 'LPL'}","{'h': '5', 'a': '0'}","{'h': '2.79269', 'a': '0.660284'}",2024-02-17 13:00:00,"{'w': '0.8612', 'd': '0.1071', 'l': '0.0317'}"
22931,True,"{'id': '157', 'title': 'Osasuna', 'short_title': 'OSA'}","{'id': '261', 'title': 'Cadiz', 'short_title': 'CAD'}","{'h': '2', 'a': '0'}","{'h': '1.37854', 'a': '0.919753'}",2024-02-17 15:15:00,"{'w': '0.4785', 'd': '0.2926', 'l': '0.2289'}"
22930,True,"{'id': '152', 'title': 'Celta Vigo', 'short_title': 'CEL'}","{'id': '148', 'title': 'Barcelona', 'short_title': 'BAR'}","{'h': '1', 'a': '2'}","{'h': '0.636492', 'a': '1.5046'}",2024-02-17 17:30:00,"{'w': '0.1183', 'd': '0.2499', 'l': '0.6318'}"
22933,True,"{'id': '146', 'title': 'Valencia', 'short_title': 'VAL'}","{'id': '138', 'title': 'Sevilla', 'short_title': 'SEV'}","{'h': '0', 'a': '0'}","{'h': '1.11987', 'a': '0.0457854'}",2024-02-17 20:00:00,"{'w': '0.734', 'd': '0.2555', 'l': '0.0105'}"
22928,True,"{'id': '145', 'title': 'Rayo Vallecano', 'short_title': 'RVL'}","{'id': '150', 'title': 'Real Madrid', 'short_title': 'RMA'}","{'h': '1', 'a': '1'}","{'h': '1.1431', 'a': '1.0219'}",2024-02-18 13:00:00,"{'w': '0.3792', 'd': '0.3359', 'l': '0.2849'}"
22929,True,"{'id': '155', 'title': 'Granada', 'short_title': 'GRA'}","{'id': '208', 'title': 'Almeria', 'short_title': 'ALM'}","{'h': '1', 'a': '1'}","{'h': '1.79616', 'a': '0.693843'}",2024-02-18 15:15:00,"{'w': '0.675', 'd': '0.2135', 'l': '0.1115'}"
22927,True,"{'id': '239', 'title': 'Mallorca', 'short_title': 'MAL'}","{'id': '140', 'title': 'Real Sociedad', 'short_title': 'SOC'}","{'h': '1', 'a': '2'}","{'h': '0.188904', 'a': '1.20859'}",2024-02-18 17:30:00,"{'w': '0.0519', 'd': '0.2887', 'l': '0.6594'}"
22934,True,"{'id': '153', 'title': 'Real Betis', 'short_title': 'BET'}","{'id': '158', 'title': 'Alaves', 'short_title': 'ALA'}","{'h': '0', 'a': '0'}","{'h': '1.18267', 'a': '0.490778'}",2024-02-18 20:00:00,"{'w': '0.5776', 'd': '0.2936', 'l': '0.1288'}"
22925,True,"{'id': '147', 'title': 'Athletic Club', 'short_title': 'ATH'}","{'id': '223', 'title': 'Girona', 'short_title': 'GIR'}","{'h': '3', 'a': '2'}","{'h': '2.7904', 'a': '1.80583'}",2024-02-19 20:00:00,"{'w': '0.6234', 'd': '0.2112', 'l': '0.1654'}"
22940,True,"{'id': '140', 'title': 'Real Sociedad', 'short_title': 'SOC'}","{'id': '154', 'title': 'Villarreal', 'short_title': 'VIL'}","{'h': '1', 'a': '3'}","{'h': '1.48985', 'a': '1.6421'}",2024-02-23 20:00:00,"{'w': '0.3072', 'd': '0.2959', 'l': '0.3969'}"
22936,True,"{'id': '148', 'title': 'Barcelona', 'short_title': 'BAR'}","{'id': '142', 'title': 'Getafe', 'short_title': 'GET'}","{'h': '4', 'a': '0'}","{'h': '2.65095', 'a': '0.316762'}",2024-02-24 15:15:00,"{'w': '0.9054', 'd': '0.0744', 'l': '0.0202'}"
22943,True,"{'id': '158', 'title': 'Alaves', 'short_title': 'ALA'}","{'id': '239', 'title': 'Mallorca', 'short_title': 'MAL'}","{'h': '1', 'a': '1'}","{'h': '0.501891', 'a': '1.80166'}",2024-02-24 17:30:00,"{'w': '0.0683', 'd': '0.1843', 'l': '0.7474'}"
22935,True,"{'id': '208', 'title': 'Almeria', 'short_title': 'ALM'}","{'id': '143', 'title': 'Atletico Madrid', 'short_title': 'ATL'}","{'h': '2', 'a': '2'}","{'h': '0.352281', 'a': '1.87638'}",2024-02-24 20:00:00,"{'w': '0.0472', 'd': '0.1682', 'l': '0.7846'}"
22937,True,"{'id': '261', 'title': 'Cadiz', 'short_title': 'CAD'}","{'id': '152', 'title': 'Celta Vigo', 'short_title': 'CEL'}","{'h': '2', 'a': '2'}","{'h': '1.87476', 'a': '0.680213'}",2024-02-25 13:00:00,"{'w': '0.6927', 'd': '0.2102', 'l': '0.0971'}"
22944,True,"{'id': '153', 'title': 'Real Betis', 'short_title': 'BET'}","{'id': '147', 'title': 'Athletic Club', 'short_title': 'ATH'}","{'h': '3', 'a': '1'}","{'h': '0.921277', 'a': '0.137757'}",2024-02-25 15:15:00,"{'w': '0.5893', 'd': '0.3633', 'l': '0.0474'}"
22942,True,"{'id': '144', 'title': 'Las Palmas', 'short_title': 'LPL'}","{'id': '157', 'title': 'Osasuna', 'short_title': 'OSA'}","{'h': '1', 'a': '1'}","{'h': '0.942659', 'a': '0.387933'}",2024-02-25 17:30:00,"{'w': '0.5333', 'd': '0.3417', 'l': '0.125'}"
22939,True,"{'id': '150', 'title': 'Real Madrid', 'short_title': 'RMA'}","{'id': '138', 'title': 'Sevilla', 'short_title': 'SEV'}","{'h': '1', 'a': '0'}","{'h': '1.01644', 'a': '0.967099'}",2024-02-25 20:00:00,"{'w': '0.3289', 'd': '0.3326', 'l': '0.3385'}"
22938,True,"{'id': '223', 'title': 'Girona', 'short_title': 'GIR'}","{'id': '145', 'title': 'Rayo Vallecano', 'short_title': 'RVL'}","{'h': '3', 'a': '0'}","{'h': '2.81311', 'a': '0.564655'}",2024-02-26 20:00:00,"{'w': '0.9034', 'd': '0.0771', 'l': '0.0195'}"
22948,True,"{'id': '152', 'title': 'Celta Vigo', 'short_title': 'CEL'}","{'id': '208', 'title': 'Almeria', 'short_title': 'ALM'}","{'h': '1', 'a': '0'}","{'h': '1.82317', 'a': '0.3259'}",2024-03-01 20:00:00,"{'w': '0.8102', 'd': '0.1548', 'l': '0.035'}"
22952,True,"{'id': '138', 'title': 'Sevilla', 'short_title': 'SEV'}","{'id': '140', 'title': 'Real Sociedad', 'short_title': 'SOC'}","{'h': '3', 'a': '2'}","{'h': '2.15506', 'a': '1.27238'}",2024-03-02 13:00:00,"{'w': '0.6132', 'd': '0.2467', 'l': '0.1401'}"
22949,True,"{'id': '145', 'title': 'Rayo Vallecano', 'short_title': 'RVL'}","{'id': '261', 'title': 'Cadiz', 'short_title': 'CAD'}","{'h': '1', 'a': '1'}","{'h': '0.688061', 'a': '1.21648'}",2024-03-02 15:15:00,"{'w': '0.1941', 'd': '0.3169', 'l': '0.489'}"
22947,True,"{'id': '142', 'title': 'Getafe', 'short_title': 'GET'}","{'id': '144', 'title': 'Las Palmas', 'short_title': 'LPL'}","{'h': '3', 'a': '3'}","{'h': '2.38804', 'a': '1.37145'}",2024-03-02 17:30:00,"{'w': '0.6254', 'd': '0.2151', 'l': '0.1595'}"
22951,True,"{'id': '146', 'title': 'Valencia', 'short_title': 'VAL'}","{'id': '150', 'title': 'Real Madrid', 'short_title': 'RMA'}","{'h': '2', 'a': '2'}","{'h': '1.33185', 'a': '1.45798'}",2024-03-02 20:00:00,"{'w': '0.3184', 'd': '0.2921', 'l': '0.3895'}"
22953,True,"{'id': '154', 'title': 'Villarreal', 'short_title': 'VIL'}","{'id': '155', 'title': 'Granada', 'short_title': 'GRA'}","{'h': '5', 'a': '1'}","{'h': '3.02991', 'a': '0.276758'}",2024-03-03 13:00:00,"{'w': '0.9497', 'd': '0.0427', 'l': '0.0076'}"
22946,True,"{'id': '143', 'title': 'Atletico Madrid', 'short_title': 'ATL'}","{'id': '153', 'title': 'Real Betis', 'short_title': 'BET'}","{'h': '2', 'a': '1'}","{'h': '3.54138', 'a': '0.588581'}",2024-03-03 15:15:00,"{'w': '0.9544', 'd': '0.0365', 'l': '0.0091'}"
22950,True,"{'id': '239', 'title': 'Mallorca', 'short_title': 'MAL'}","{'id': '223', 'title': 'Girona', 'short_title': 'GIR'}","{'h': '1', 'a': '0'}","{'h': '0.943297', 'a': '1.08616'}",2024-03-03 17:30:00,"{'w': '0.3013', 'd': '0.3064', 'l': '0.3923'}"
22945,True,"{'id': '147', 'title': 'Athletic Club', 'short_title': 'ATH'}","{'id': '148', 'title': 'Barcelona', 'short_title': 'BAR'}","{'h': '0', 'a': '0'}","{'h': '0.468397', 'a': '0.714592'}",2024-03-03 20:00:00,"{'w': '0.2114', 'd': '0.4052', 'l': '0.3834'}"
22954,True,"{'id': '157', 'title': 'Osasuna', 'short_title': 'OSA'}","{'id': '158', 'title': 'Alaves', 'short_title': 'ALA'}","{'h': '1', 'a': '0'}","{'h': '1.71646', 'a': '1.14533'}",2024-03-04 20:00:00,"{'w': '0.5029', 'd': '0.2784', 'l': '0.2187'}"
22956,True,"{'id': '148', 'title': 'Barcelona', 'short_title': 'BAR'}","{'id': '239', 'title': 'Mallorca', 'short_title': 'MAL'}","{'h': '1', 'a': '0'}","{'h': '2.06225', 'a': '0.504754'}",2024-03-08 20:00:00,"{'w': '0.8022', 'd': '0.1495', 'l': '0.0483'}"
22964,True,"{'id': '146', 'title': 'Valencia', 'short_title': 'VAL'}","{'id': '142', 'title': 'Getafe', 'short_title': 'GET'}","{'h': '1', 'a': '0'}","{'h': '1.27245', 'a': '1.17773'}",2024-03-09 13:00:00,"{'w': '0.3649', 'd': '0.3232', 'l': '0.3119'}"
22962,True,"{'id': '261', 'title': 'Cadiz', 'short_title': 'CAD'}","{'id': '143', 'title': 'Atletico Madrid', 'short_title': 'ATL'}","{'h': '2', 'a': '0'}","{'h': '1.18033', 'a': '0.895711'}",2024-03-09 15:15:00,"{'w': '0.4148', 'd': '0.3607', 'l': '0.2245'}"
22959,True,"{'id': '155', 'title': 'Granada', 'short_title': 'GRA'}","{'id': '140', 'title': 'Real Sociedad', 'short_title': 'SOC'}","{'h': '2', 'a': '3'}","{'h': '2.0551', 'a': '1.88323'}",2024-03-09 17:30:00,"{'w': '0.4054', 'd': '0.2866', 'l': '0.308'}"
22958,True,"{'id': '223', 'title': 'Girona', 'short_title': 'GIR'}","{'id': '157', 'title': 'Osasuna', 'short_title': 'OSA'}","{'h': '2', 'a': '0'}","{'h': '2.1772', 'a': '0.185235'}",2024-03-09 20:00:00,"{'w': '0.873', 'd': '0.1088', 'l': '0.0182'}"
22960,True,"{'id': '158', 'title': 'Alaves', 'short_title': 'ALA'}","{'id': '145', 'title': 'Rayo Vallecano', 'short_title': 'RVL'}","{'h': '1', 'a': '0'}","{'h': '0.640241', 'a': '0.579451'}",2024-03-10 13:00:00,"{'w': '0.2986', 'd': '0.4208', 'l': '0.2806'}"
22961,True,"{'id': '144', 'title': 'Las Palmas', 'short_title': 'LPL'}","{'id': '147', 'title': 'Athletic Club', 'short_title': 'ATH'}","{'h': '0', 'a': '2'}","{'h': '0.834663', 'a': '1.27321'}",2024-03-10 15:15:00,"{'w': '0.2113', 'd': '0.2974', 'l': '0.4913'}"
22963,True,"{'id': '150', 'title': 'Real Madrid', 'short_title': 'RMA'}","{'id': '152', 'title': 'Celta Vigo', 'short_title': 'CEL'}","{'h': '4', 'a': '0'}","{'h': '3.6885', 'a': '0.53726'}",2024-03-10 17:30:00,"{'w': '0.9636', 'd': '0.0295', 'l': '0.0069'}"
22957,True,"{'id': '153', 'title': 'Real Betis', 'short_title': 'BET'}","{'id': '154', 'title': 'Villarreal', 'short_title': 'VIL'}","{'h': '2', 'a': '3'}","{'h': '1.39975', 'a': '1.30814'}",2024-03-10 20:00:00,"{'w': '0.3757', 'd': '0.2954', 'l': '0.3289'}"
22955,True,"{'id': '208', 'title': 'Almeria', 'short_title': 'ALM'}","{'id': '138', 'title': 'Sevilla', 'short_title': 'SEV'}","{'h': '2', 'a': '2'}","{'h': '1.81235', 'a': '2.6495'}",2024-03-11 20:00:00,"{'w': '0.2245', 'd': '0.2011', 'l': '0.5744'}"
22970,True,"{'id': '140', 'title': 'Real Sociedad', 'short_title': 'SOC'}","{'id': '261', 'title': 'Cadiz', 'short_title': 'CAD'}","{'h': '2', 'a': '0'}","{'h': '2.34962', 'a': '0.695705'}",2024-03-15 20:00:00,"{'w': '0.7837', 'd': '0.1524', 'l': '0.0639'}"
22973,True,"{'id': '239', 'title': 'Mallorca', 'short_title': 'MAL'}","{'id': '155', 'title': 'Granada', 'short_title': 'GRA'}","{'h': '1', 'a': '0'}","{'h': '1.65502', 'a': '0.295993'}",2024-03-16 13:00:00,"{'w': '0.767', 'd': '0.1875', 'l': '0.0455'}"
22967,True,"{'id': '157', 'title': 'Osasuna', 'short_title': 'OSA'}","{'id': '150', 'title': 'Real Madrid', 'short_title': 'RMA'}","{'h': '2', 'a': '4'}","{'h': '0.669756', 'a': '3.05767'}",2024-03-16 15:15:00,"{'w': '0.0282', 'd': '0.0851', 'l': '0.8867'}"
22966,True,"{'id': '142', 'title': 'Getafe', 'short_title': 'GET'}","{'id': '223', 'title': 'Girona', 'short_title': 'GIR'}","{'h': '1', 'a': '0'}","{'h': '1.10963', 'a': '1.70185'}",2024-03-16 17:30:00,"{'w': '0.2251', 'd': '0.257', 'l': '0.5179'}"
22974,True,"{'id': '147', 'title': 'Athletic Club', 'short_title': 'ATH'}","{'id': '158', 'title': 'Alaves', 'short_title': 'ALA'}","{'h': '2', 'a': '0'}","{'h': '2.31129', 'a': '1.38702'}",2024-03-16 20:00:00,"{'w': '0.6181', 'd': '0.2581', 'l': '0.1238'}"
22971,True,"{'id': '138', 'title': 'Sevilla', 'short_title': 'SEV'}","{'id': '152', 'title': 'Celta Vigo', 'short_title': 'CEL'}","{'h': '1', 'a': '2'}","{'h': '1.75591', 'a': '2.23423'}",2024-03-17 13:00:00,"{'w': '0.2744', 'd': '0.2304', 'l': '0.4952'}"
22972,True,"{'id': '154', 'title': 'Villarreal', 'short_title': 'VIL'}","{'id': '146', 'title': 'Valencia', 'short_title': 'VAL'}","{'h': '1', 'a': '0'}","{'h': '2.1872', 'a': '1.07722'}",2024-03-17 15:15:00,"{'w': '0.6705', 'd': '0.2028', 'l': '0.1267'}"
22968,True,"{'id': '144', 'title': 'Las Palmas', 'short_title': 'LPL'}","{'id': '208', 'title': 'Almeria', 'short_title': 'ALM'}","{'h': '0', 'a': '1'}","{'h': '0.793707', 'a': '0.688106'}",2024-03-17 16:15:00,"{'w': '0.3317', 'd': '0.3731', 'l': '0.2952'}"
22969,True,"{'id': '145', 'title': 'Rayo Vallecano', 'short_title': 'RVL'}","{'id': '153', 'title': 'Real Betis', 'short_title': 'BET'}","{'h': '2', 'a': '0'}","{'h': '0.790186', 'a': '0.69375'}",2024-03-17 17:30:00,"{'w': '0.3578', 'd': '0.3652', 'l': '0.277'}"
22965,True,"{'id': '143', 'title': 'Atletico Madrid', 'short_title': 'ATL'}","{'id': '148', 'title': 'Barcelona', 'short_title': 'BAR'}","{'h': '0', 'a': '3'}","{'h': '0.570805', 'a': '1.94966'}",2024-03-17 20:00:00,"{'w': '0.0684', 'd': '0.1718', 'l': '0.7598'}"
22977,True,"{'id': '261', 'title': 'Cadiz', 'short_title': 'CAD'}","{'id': '155', 'title': 'Granada', 'short_title': 'GRA'}","{'h': '1', 'a': '0'}","{'h': '1.19169', 'a': '0.412637'}",2024-03-29 20:00:00,"{'w': '0.5772', 'd': '0.3042', 'l': '0.1186'}"
22979,True,"{'id': '142', 'title': 'Getafe', 'short_title': 'GET'}","{'id': '138', 'title': 'Sevilla', 'short_title': 'SEV'}","{'h': '0', 'a': '1'}","{'h': '1.57791', 'a': '0.901033'}",2024-03-30 13:00:00,"{'w': '0.5426', 'd': '0.282', 'l': '0.1754'}"
22975,True,"{'id': '208', 'title': 'Almeria', 'short_title': 'ALM'}","{'id': '157', 'title': 'Osasuna', 'short_title': 'OSA'}","{'h': '0', 'a': '3'}","{'h': '0.745696', 'a': '1.00888'}",2024-03-30 15:15:00,"{'w': '0.2353', 'd': '0.3363', 'l': '0.4284'}"
22984,True,"{'id': '146', 'title': 'Valencia', 'short_title': 'VAL'}","{'id': '239', 'title': 'Mallorca', 'short_title': 'MAL'}","{'h': '0', 'a': '0'}","{'h': '1.33845', 'a': '0.673736'}",2024-03-30 17:30:00,"{'w': '0.5678', 'd': '0.2729', 'l': '0.1593'}"
22976,True,"{'id': '148', 'title': 'Barcelona', 'short_title': 'BAR'}","{'id': '144', 'title': 'Las Palmas', 'short_title': 'LPL'}","{'h': '1', 'a': '0'}","{'h': '1.72947', 'a': '0.314295'}",2024-03-30 20:00:00,"{'w': '0.789', 'd': '0.1696', 'l': '0.0414'}"
22978,True,"{'id': '152', 'title': 'Celta Vigo', 'short_title': 'CEL'}","{'id': '145', 'title': 'Rayo Vallecano', 'short_title': 'RVL'}","{'h': '0', 'a': '0'}","{'h': '0.838396', 'a': '0.515128'}",2024-03-31 13:00:00,"{'w': '0.4171', 'd': '0.3853', 'l': '0.1976'}"
22983,True,"{'id': '223', 'title': 'Girona', 'short_title': 'GIR'}","{'id': '153', 'title': 'Real Betis', 'short_title': 'BET'}","{'h': '3', 'a': '2'}","{'h': '2.43161', 'a': '0.524961'}",2024-03-31 15:15:00,"{'w': '0.9075', 'd': '0.0792', 'l': '0.0133'}"
22980,True,"{'id': '158', 'title': 'Alaves', 'short_title': 'ALA'}","{'id': '140', 'title': 'Real Sociedad', 'short_title': 'SOC'}","{'h': '0', 'a': '1'}","{'h': '0.142958', 'a': '1.29248'}",2024-03-31 17:30:00,"{'w': '0.0322', 'd': '0.2435', 'l': '0.7243'}"
22981,True,"{'id': '150', 'title': 'Real Madrid', 'short_title': 'RMA'}","{'id': '147', 'title': 'Athletic Club', 'short_title': 'ATH'}","{'h': '2', 'a': '0'}","{'h': '1.1877', 'a': '0.304704'}",2024-03-31 20:00:00,"{'w': '0.6593', 'd': '0.2703', 'l': '0.0704'}"
22982,True,"{'id': '154', 'title': 'Villarreal', 'short_title': 'VIL'}","{'id': '143', 'title': 'Atletico Madrid', 'short_title': 'ATL'}","{'h': '1', 'a': '2'}","{'h': '0.681964', 'a': '1.2402'}",2024-04-01 19:00:00,"{'w': '0.1936', 'd': '0.3024', 'l': '0.504'}"
22941,True,"{'id': '155', 'title': 'Granada', 'short_title': 'GRA'}","{'id': '146', 'title': 'Valencia', 'short_title': 'VAL'}","{'h': '0', 'a': '1'}","{'h': '0.729135', 'a': '0.718558'}",2024-04-04 18:00:00,"{'w': '0.2885', 'd': '0.3766', 'l': '0.3349'}"
22987,True,"{'id': '153', 'title': 'Real Betis', 'short_title': 'BET'}","{'id': '152', 'title': 'Celta Vigo', 'short_title': 'CEL'}","{'h': '2', 'a': '1'}","{'h': '1.22903', 'a': '1.58129'}",2024-04-12 19:00:00,"{'w': '0.253', 'd': '0.2723', 'l': '0.4747'}"
22986,True,"{'id': '143', 'title': 'Atletico Madrid', 'short_title': 'ATL'}","{'id': '223', 'title': 'Girona', 'short_title': 'GIR'}","{'h': '3', 'a': '1'}","{'h': '2.58629', 'a': '2.20992'}",2024-04-13 12:00:00,"{'w': '0.4468', 'd': '0.2606', 'l': '0.2926'}"
22993,True,"{'id': '145', 'title': 'Rayo Vallecano', 'short_title': 'RVL'}","{'id': '142', 'title': 'Getafe', 'short_title': 'GET'}","{'h': '0', 'a': '0'}","{'h': '0.777828', 'a': '0.25153'}",2024-04-13 14:15:00,"{'w': '0.4902', 'd': '0.409', 'l': '0.1008'}"
22988,True,"{'id': '239', 'title': 'Mallorca', 'short_title': 'MAL'}","{'id': '150', 'title': 'Real Madrid', 'short_title': 'RMA'}","{'h': '0', 'a': '1'}","{'h': '0.592998', 'a': '1.81161'}",2024-04-13 16:30:00,"{'w': '0.0796', 'd': '0.2082', 'l': '0.7122'}"
22992,True,"{'id': '261', 'title': 'Cadiz', 'short_title': 'CAD'}","{'id': '148', 'title': 'Barcelona', 'short_title': 'BAR'}","{'h': '0', 'a': '1'}","{'h': '0.79048', 'a': '0.833415'}",2024-04-13 19:00:00,"{'w': '0.3098', 'd': '0.3515', 'l': '0.3387'}"
22990,True,"{'id': '144', 'title': 'Las Palmas', 'short_title': 'LPL'}","{'id': '138', 'title': 'Sevilla', 'short_title': 'SEV'}","{'h': '0', 'a': '2'}","{'h': '0.0909476', 'a': '2.06406'}",2024-04-14 12:00:00,"{'w': '0.0074', 'd': '0.0855', 'l': '0.9071'}"
22994,True,"{'id': '155', 'title': 'Granada', 'short_title': 'GRA'}","{'id': '158', 'title': 'Alaves', 'short_title': 'ALA'}","{'h': '2', 'a': '0'}","{'h': '1.86823', 'a': '0.279326'}",2024-04-14 14:15:00,"{'w': '0.8486', 'd': '0.1274', 'l': '0.024'}"
22985,True,"{'id': '147', 'title': 'Athletic Club', 'short_title': 'ATH'}","{'id': '154', 'title': 'Villarreal', 'short_title': 'VIL'}","{'h': '1', 'a': '1'}","{'h': '0.823044', 'a': '2.1913'}",2024-04-14 16:30:00,"{'w': '0.0716', 'd': '0.1688', 'l': '0.7596'}"
22991,True,"{'id': '140', 'title': 'Real Sociedad', 'short_title': 'SOC'}","{'id': '208', 'title': 'Almeria', 'short_title': 'ALM'}","{'h': '2', 'a': '2'}","{'h': '1.68743', 'a': '1.77546'}",2024-04-14 19:00:00,"{'w': '0.328', 'd': '0.2785', 'l': '0.3935'}"
22989,True,"{'id': '157', 'title': 'Osasuna', 'short_title': 'OSA'}","{'id': '146', 'title': 'Valencia', 'short_title': 'VAL'}","{'h': '0', 'a': '1'}","{'h': '2.26875', 'a': '0.235711'}",2024-04-15 19:00:00,"{'w': '0.9137', 'd': '0.0766', 'l': '0.0097'}"
22996,True,"{'id': '147', 'title': 'Athletic Club', 'short_title': 'ATH'}","{'id': '155', 'title': 'Granada', 'short_title': 'GRA'}","{'h': '1', 'a': '1'}","{'h': '1.64137', 'a': '0.150973'}",2024-04-19 19:00:00,"{'w': '0.7977', 'd': '0.1762', 'l': '0.0261'}"
22997,True,"{'id': '152', 'title': 'Celta Vigo', 'short_title': 'CEL'}","{'id': '144', 'title': 'Las Palmas', 'short_title': 'LPL'}","{'h': '4', 'a': '1'}","{'h': '3.58931', 'a': '0.90843'}",2024-04-20 12:00:00,"{'w': '0.8996', 'd': '0.0724', 'l': '0.028'}"
23004,True,"{'id': '145', 'title': 'Rayo Vallecano', 'short_title': 'RVL'}","{'id': '157', 'title': 'Osasuna', 'short_title': 'OSA'}","{'h': '2', 'a': '1'}","{'h': '0.560289', 'a': '0.930714'}",2024-04-20 14:15:00,"{'w': '0.1861', 'd': '0.3505', 'l': '0.4634'}"
23001,True,"{'id': '146', 'title': 'Valencia', 'short_title': 'VAL'}","{'id': '153', 'title': 'Real Betis', 'short_title': 'BET'}","{'h': '1', 'a': '2'}","{'h': '0.951475', 'a': '1.82123'}",2024-04-20 16:30:00,"{'w': '0.1338', 'd': '0.2639', 'l': '0.6023'}"
23002,True,"{'id': '223', 'title': 'Girona', 'short_title': 'GIR'}","{'id': '261', 'title': 'Cadiz', 'short_title': 'CAD'}","{'h': '4', 'a': '1'}","{'h': '2.30941', 'a': '1.82433'}",2024-04-20 19:00:00,"{'w': '0.4848', 'd': '0.2561', 'l': '0.2591'}"
22998,True,"{'id': '142', 'title': 'Getafe', 'short_title': 'GET'}","{'id': '140', 'title': 'Real Sociedad', 'short_title': 'SOC'}","{'h': '1', 'a': '1'}","{'h': '1.19821', 'a': '1.03517'}",2024-04-21 12:00:00,"{'w': '0.3919', 'd': '0.3317', 'l': '0.2764'}"
22995,True,"{'id': '208', 'title': 'Almeria', 'short_title': 'ALM'}","{'id': '154', 'title': 'Villarreal', 'short_title': 'VIL'}","{'h': '1', 'a': '2'}","{'h': '2.14538', 'a': '1.60008'}",2024-04-21 14:15:00,"{'w': '0.5067', 'd': '0.2371', 'l': '0.2562'}"
22999,True,"{'id': '158', 'title': 'Alaves', 'short_title': 'ALA'}","{'id': '143', 'title': 'Atletico Madrid', 'short_title': 'ATL'}","{'h': '2', 'a': '0'}","{'h': '0.521018', 'a': '0.715212'}",2024-04-21 16:30:00,"{'w': '0.2485', 'd': '0.4017', 'l': '0.3498'}"
23000,True,"{'id': '150', 'title': 'Real Madrid', 'short_title': 'RMA'}","{'id': '148', 'title': 'Barcelona', 'short_title': 'BAR'}","{'h': '3', 'a': '2'}","{'h': '2.7698', 'a': '1.34666'}",2024-04-21 19:00:00,"{'w': '0.7327', 'd': '0.1673', 'l': '0.1'}"
23003,True,"{'id': '138', 'title': 'Sevilla', 'short_title': 'SEV'}","{'id': '239', 'title': 'Mallorca', 'short_title': 'MAL'}","{'h': '2', 'a': '1'}","{'h': '1.72842', 'a': '0.879845'}",2024-04-22 19:00:00,"{'w': '0.6061', 'd': '0.2429', 'l': '0.151'}"
23014,True,"{'id': '140', 'title': 'Real Sociedad', 'short_title': 'SOC'}","{'id': '150', 'title': 'Real Madrid', 'short_title': 'RMA'}","{'h': '0', 'a': '1'}","{'h': '0.380904', 'a': '0.462672'}",2024-04-26 19:00:00,"{'w': '0.2115', 'd': '0.4917', 'l': '0.2968'}"
23012,True,"{'id': '144', 'title': 'Las Palmas', 'short_title': 'LPL'}","{'id': '223', 'title': 'Girona', 'short_title': 'GIR'}","{'h': '0', 'a': '2'}","{'h': '1.41676', 'a': '2.0472'}",2024-04-27 12:00:00,"{'w': '0.1559', 'd': '0.2924', 'l': '0.5517'}"
23005,True,"{'id': '208', 'title': 'Almeria', 'short_title': 'ALM'}","{'id': '142', 'title': 'Getafe', 'short_title': 'GET'}","{'h': '1', 'a': '3'}","{'h': '2.748', 'a': '1.67485'}",2024-04-27 14:15:00,"{'w': '0.6295', 'd': '0.214', 'l': '0.1565'}"
23010,True,"{'id': '158', 'title': 'Alaves', 'short_title': 'ALA'}","{'id': '152', 'title': 'Celta Vigo', 'short_title': 'CEL'}","{'h': '3', 'a': '0'}","{'h': '3.41094', 'a': '0.188273'}",2024-04-27 16:30:00,"{'w': '0.9704', 'd': '0.0261', 'l': '0.0035'}"
23011,True,"{'id': '143', 'title': 'Atletico Madrid', 'short_title': 'ATL'}","{'id': '147', 'title': 'Athletic Club', 'short_title': 'ATH'}","{'h': '3', 'a': '1'}","{'h': '0.62028', 'a': '0.894572'}",2024-04-27 19:00:00,"{'w': '0.23', 'd': '0.3627', 'l': '0.4073'}"
23008,True,"{'id': '261', 'title': 'Cadiz', 'short_title': 'CAD'}","{'id': '239', 'title': 'Mallorca', 'short_title': 'MAL'}","{'h': '1', 'a': '1'}","{'h': '0.441837', 'a': '0.827497'}",2024-04-28 12:00:00,"{'w': '0.171', 'd': '0.3856', 'l': '0.4434'}"
23009,True,"{'id': '155', 'title': 'Granada', 'short_title': 'GRA'}","{'id': '157', 'title': 'Osasuna', 'short_title': 'OSA'}","{'h': '3', 'a': '0'}","{'h': '2.31468', 'a': '0.989028'}",2024-04-28 14:15:00,"{'w': '0.7132', 'd': '0.1854', 'l': '0.1014'}"
23013,True,"{'id': '154', 'title': 'Villarreal', 'short_title': 'VIL'}","{'id': '145', 'title': 'Rayo Vallecano', 'short_title': 'RVL'}","{'h': '3', 'a': '0'}","{'h': '1.98091', 'a': '0.896929'}",2024-04-28 16:30:00,"{'w': '0.6535', 'd': '0.2045', 'l': '0.142'}"
23007,True,"{'id': '153', 'title': 'Real Betis', 'short_title': 'BET'}","{'id': '138', 'title': 'Sevilla', 'short_title': 'SEV'}","{'h': '1', 'a': '1'}","{'h': '2.39465', 'a': '1.26484'}",2024-04-28 19:00:00,"{'w': '0.6702', 'd': '0.2171', 'l': '0.1127'}"
23006,True,"{'id': '148', 'title': 'Barcelona', 'short_title': 'BAR'}","{'id': '146', 'title': 'Valencia', 'short_title': 'VAL'}","{'h': '4', 'a': '2'}","{'h': '2.59636', 'a': '1.49346'}",2024-04-29 19:00:00,"{'w': '0.6371', 'd': '0.2107', 'l': '0.1522'}"
23017,True,"{'id': '142', 'title': 'Getafe', 'short_title': 'GET'}","{'id': '147', 'title': 'Athletic Club', 'short_title': 'ATH'}","{'h': '0', 'a': '2'}","{'h': '4.41644', 'a': '0.925588'}",2024-05-03 19:00:00,"{'w': '0.9652', 'd': '0.0276', 'l': '0.0072'}"
23023,True,"{'id': '140', 'title': 'Real Sociedad', 'short_title': 'SOC'}","{'id': '144', 'title': 'Las Palmas', 'short_title': 'LPL'}","{'h': '2', 'a': '0'}","{'h': '0.899129', 'a': '0.56693'}",2024-05-04 12:00:00,"{'w': '0.4343', 'd': '0.3603', 'l': '0.2054'}"
23021,True,"{'id': '150', 'title': 'Real Madrid', 'short_title': 'RMA'}","{'id': '261', 'title': 'Cadiz', 'short_title': 'CAD'}","{'h': '3', 'a': '0'}","{'h': '2.63447', 'a': '0.998827'}",2024-05-04 14:15:00,"{'w': '0.7651', 'd': '0.1567', 'l': '0.0782'}"
23019,True,"{'id': '223', 'title': 'Girona', 'short_title': 'GIR'}","{'id': '148', 'title': 'Barcelona', 'short_title': 'BAR'}","{'h': '4', 'a': '2'}","{'h': '2.31519', 'a': '2.6053'}",2024-05-04 16:30:00,"{'w': '0.3156', 'd': '0.2343', 'l': '0.4501'}"
23018,True,"{'id': '239', 'title': 'Mallorca', 'short_title': 'MAL'}","{'id': '143', 'title': 'Atletico Madrid', 'short_title': 'ATL'}","{'h': '0', 'a': '1'}","{'h': '0.328479', 'a': '0.874778'}",2024-05-04 19:00:00,"{'w': '0.1126', 'd': '0.3658', 'l': '0.5216'}"
23020,True,"{'id': '157', 'title': 'Osasuna', 'short_title': 'OSA'}","{'id': '153', 'title': 'Real Betis', 'short_title': 'BET'}","{'h': '0', 'a': '2'}","{'h': '1.02463', 'a': '1.44688'}",2024-05-05 12:00:00,"{'w': '0.2212', 'd': '0.309', 'l': '0.4698'}"
23015,True,"{'id': '152', 'title': 'Celta Vigo', 'short_title': 'CEL'}","{'id': '154', 'title': 'Villarreal', 'short_title': 'VIL'}","{'h': '3', 'a': '2'}","{'h': '4.41257', 'a': '0.544766'}",2024-05-05 14:15:00,"{'w': '0.978', 'd': '0.0172', 'l': '0.0048'}"
23024,True,"{'id': '146', 'title': 'Valencia', 'short_title': 'VAL'}","{'id': '158', 'title': 'Alaves', 'short_title': 'ALA'}","{'h': '0', 'a': '1'}","{'h': '1.40821', 'a': '1.16915'}",2024-05-05 16:30:00,"{'w': '0.432', 'd': '0.294', 'l': '0.274'}"
23016,True,"{'id': '145', 'title': 'Rayo Vallecano', 'short_title': 'RVL'}","{'id': '208', 'title': 'Almeria', 'short_title': 'ALM'}","{'h': '0', 'a': '1'}","{'h': '2.09609', 'a': '0.555982'}",2024-05-05 19:00:00,"{'w': '0.7668', 'd': '0.1691', 'l': '0.0641'}"
23022,True,"{'id': '138', 'title': 'Sevilla', 'short_title': 'SEV'}","{'id': '155', 'title': 'Granada', 'short_title': 'GRA'}","{'h': '3', 'a': '0'}","{'h': '2.45224', 'a': '0.227083'}",2024-05-05 19:00:00,"{'w': '0.9206', 'd': '0.0686', 'l': '0.0108'}"
23030,True,"{'id': '158', 'title': 'Alaves', 'short_title': 'ALA'}","{'id': '223', 'title': 'Girona', 'short_title': 'GIR'}","{'h': '2', 'a': '2'}","{'h': '2.40148', 'a': '1.53657'}",2024-05-10 19:00:00,"{'w': '0.5968', 'd': '0.2117', 'l': '0.1915'}"
23034,True,"{'id': '239', 'title': 'Mallorca', 'short_title': 'MAL'}","{'id': '144', 'title': 'Las Palmas', 'short_title': 'LPL'}","{'h': '1', 'a': '0'}","{'h': '0.45718', 'a': '0.313172'}",2024-05-11 12:00:00,"{'w': '0.3004', 'd': '0.5207', 'l': '0.1789'}"
23033,True,"{'id': '154', 'title': 'Villarreal', 'short_title': 'VIL'}","{'id': '138', 'title': 'Sevilla', 'short_title': 'SEV'}","{'h': '3', 'a': '2'}","{'h': '3.10775', 'a': '1.95835'}",2024-05-11 14:15:00,"{'w': '0.6347', 'd': '0.1973', 'l': '0.168'}"
23029,True,"{'id': '155', 'title': 'Granada', 'short_title': 'GRA'}","{'id': '150', 'title': 'Real Madrid', 'short_title': 'RMA'}","{'h': '0', 'a': '4'}","{'h': '0.699759', 'a': '2.7909'}",2024-05-11 16:30:00,"{'w': '0.0486', 'd': '0.1039', 'l': '0.8475'}"
23025,True,"{'id': '147', 'title': 'Athletic Club', 'short_title': 'ATH'}","{'id': '157', 'title': 'Osasuna', 'short_title': 'OSA'}","{'h': '2', 'a': '2'}","{'h': '2.17034', 'a': '1.05326'}",2024-05-11 19:00:00,"{'w': '0.6684', 'd': '0.2012', 'l': '0.1304'}"
23028,True,"{'id': '261', 'title': 'Cadiz', 'short_title': 'CAD'}","{'id': '142', 'title': 'Getafe', 'short_title': 'GET'}","{'h': '1', 'a': '0'}","{'h': '1.42818', 'a': '0.310309'}",2024-05-12 12:00:00,"{'w': '0.7464', 'd': '0.2044', 'l': '0.0492'}"
23026,True,"{'id': '143', 'title': 'Atletico Madrid', 'short_title': 'ATL'}","{'id': '152', 'title': 'Celta Vigo', 'short_title': 'CEL'}","{'h': '1', 'a': '0'}","{'h': '1.81009', 'a': '0.370026'}",2024-05-12 14:15:00,"{'w': '0.7504', 'd': '0.1877', 'l': '0.0619'}"
23032,True,"{'id': '146', 'title': 'Valencia', 'short_title': 'VAL'}","{'id': '145', 'title': 'Rayo Vallecano', 'short_title': 'RVL'}","{'h': '0', 'a': '0'}","{'h': '1.1633', 'a': '0.785651'}",2024-05-12 16:30:00,"{'w': '0.4526', 'd': '0.3178', 'l': '0.2296'}"
23031,True,"{'id': '153', 'title': 'Real Betis', 'short_title': 'BET'}","{'id': '208', 'title': 'Almeria', 'short_title': 'ALM'}","{'h': '3', 'a': '2'}","{'h': '1.69343', 'a': '1.08304'}",2024-05-12 19:00:00,"{'w': '0.5258', 'd': '0.2759', 'l': '0.1983'}"
23027,True,"{'id': '148', 'title': 'Barcelona', 'short_title': 'BAR'}","{'id': '140', 'title': 'Real Sociedad', 'short_title': 'SOC'}","{'h': '2', 'a': '0'}","{'h': '1.66029', 'a': '0.799193'}",2024-05-13 19:00:00,"{'w': '0.616', 'd': '0.2505', 'l': '0.1335'}"
23042,True,"{'id': '157', 'title': 'Osasuna', 'short_title': 'OSA'}","{'id': '239', 'title': 'Mallorca', 'short_title': 'MAL'}","{'h': '1', 'a': '1'}","{'h': '0.428998', 'a': '0.919263'}",2024-05-14 17:30:00,"{'w': '0.1518', 'd': '0.3574', 'l': '0.4908'}"
23044,True,"{'id': '150', 'title': 'Real Madrid', 'short_title': 'RMA'}","{'id': '158', 'title': 'Alaves', 'short_title': 'ALA'}","{'h': '5', 'a': '0'}","{'h': '2.88216', 'a': '1.50657'}",2024-05-14 19:30:00,"{'w': '0.6854', 'd': '0.1696', 'l': '0.145'}"
23036,True,"{'id': '223', 'title': 'Girona', 'short_title': 'GIR'}","{'id': '154', 'title': 'Villarreal', 'short_title': 'VIL'}","{'h': '0', 'a': '1'}","{'h': '2.28453', 'a': '0.776468'}",2024-05-14 20:00:00,"{'w': '0.7566', 'd': '0.164', 'l': '0.0794'}"
23041,True,"{'id': '138', 'title': 'Sevilla', 'short_title': 'SEV'}","{'id': '261', 'title': 'Cadiz', 'short_title': 'CAD'}","{'h': '0', 'a': '1'}","{'h': '1.43788', 'a': '2.85137'}",2024-05-15 17:30:00,"{'w': '0.13', 'd': '0.1672', 'l': '0.7028'}"
23043,True,"{'id': '145', 'title': 'Rayo Vallecano', 'short_title': 'RVL'}","{'id': '155', 'title': 'Granada', 'short_title': 'GRA'}","{'h': '2', 'a': '1'}","{'h': '3.00296', 'a': '0.933417'}",2024-05-15 17:30:00,"{'w': '0.8686', 'd': '0.0966', 'l': '0.0348'}"
23038,True,"{'id': '152', 'title': 'Celta Vigo', 'short_title': 'CEL'}","{'id': '147', 'title': 'Athletic Club', 'short_title': 'ATH'}","{'h': '2', 'a': '1'}","{'h': '0.758179', 'a': '0.377111'}",2024-05-15 20:00:00,"{'w': '0.4159', 'd': '0.4144', 'l': '0.1697'}"
23039,True,"{'id': '142', 'title': 'Getafe', 'short_title': 'GET'}","{'id': '143', 'title': 'Atletico Madrid', 'short_title': 'ATL'}","{'h': '0', 'a': '3'}","{'h': '0.446969', 'a': '1.67036'}",2024-05-15 20:00:00,"{'w': '0.0693', 'd': '0.1966', 'l': '0.7341'}"
23040,True,"{'id': '144', 'title': 'Las Palmas', 'short_title': 'LPL'}","{'id': '153', 'title': 'Real Betis', 'short_title': 'BET'}","{'h': '2', 'a': '2'}","{'h': '2.61533', 'a': '1.3277'}",2024-05-16 17:30:00,"{'w': '0.7062', 'd': '0.1867', 'l': '0.1071'}"
23035,True,"{'id': '208', 'title': 'Almeria', 'short_title': 'ALM'}","{'id': '148', 'title': 'Barcelona', 'short_title': 'BAR'}","{'h': '0', 'a': '2'}","{'h': '1.03949', 'a': '2.13122'}",2024-05-16 19:30:00,"{'w': '0.1153', 'd': '0.2154', 'l': '0.6693'}"
23037,True,"{'id': '140', 'title': 'Real Sociedad', 'short_title': 'SOC'}","{'id': '146', 'title': 'Valencia', 'short_title': 'VAL'}","{'h': '1', 'a': '0'}","{'h': '1.13192', 'a': '0.774644'}",2024-05-16 20:00:00,"{'w': '0.426', 'd': '0.4023', 'l': '0.1717'}"
23050,True,"{'id': '158', 'title': 'Alaves', 'short_title': 'ALA'}","{'id': '142', 'title': 'Getafe', 'short_title': 'GET'}","{'h': '1', 'a': '0'}","{'h': '1.57753', 'a': '0.658124'}",2024-05-18 19:00:00,"{'w': '0.636', 'd': '0.261', 'l': '0.103'}"
23045,True,"{'id': '147', 'title': 'Athletic Club', 'short_title': 'ATH'}","{'id': '138', 'title': 'Sevilla', 'short_title': 'SEV'}","{'h': '2', 'a': '0'}","{'h': '1.78593', 'a': '1.29208'}",2024-05-19 17:00:00,"{'w': '0.4883', 'd': '0.2582', 'l': '0.2535'}"
23046,True,"{'id': '143', 'title': 'Atletico Madrid', 'short_title': 'ATL'}","{'id': '157', 'title': 'Osasuna', 'short_title': 'OSA'}","{'h': '1', 'a': '4'}","{'h': '1.76117', 'a': '1.88434'}",2024-05-19 17:00:00,"{'w': '0.3212', 'd': '0.2877', 'l': '0.3911'}"
23047,True,"{'id': '148', 'title': 'Barcelona', 'short_title': 'BAR'}","{'id': '145', 'title': 'Rayo Vallecano', 'short_title': 'RVL'}","{'h': '3', 'a': '0'}","{'h': '1.69959', 'a': '1.68527'}",2024-05-19 17:00:00,"{'w': '0.3694', 'd': '0.2603', 'l': '0.3703'}"
23048,True,"{'id': '153', 'title': 'Real Betis', 'short_title': 'BET'}","{'id': '140', 'title': 'Real Sociedad', 'short_title': 'SOC'}","{'h': '0', 'a': '2'}","{'h': '1.60754', 'a': '0.792849'}",2024-05-19 17:00:00,"{'w': '0.6027', 'd': '0.2644', 'l': '0.1329'}"
23049,True,"{'id': '261', 'title': 'Cadiz', 'short_title': 'CAD'}","{'id': '144', 'title': 'Las Palmas', 'short_title': 'LPL'}","{'h': '0', 'a': '0'}","{'h': '1.36112', 'a': '0.966249'}",2024-05-19 17:00:00,"{'w': '0.4627', 'd': '0.301', 'l': '0.2363'}"
23051,True,"{'id': '239', 'title': 'Mallorca', 'short_title': 'MAL'}","{'id': '208', 'title': 'Almeria', 'short_title': 'ALM'}","{'h': '2', 'a': '2'}","{'h': '2.45608', 'a': '0.238391'}",2024-05-19 17:00:00,"{'w': '0.8946', 'd': '0.0869', 'l': '0.0185'}"
23052,True,"{'id': '155', 'title': 'Granada', 'short_title': 'GRA'}","{'id': '152', 'title': 'Celta Vigo', 'short_title': 'CEL'}","{'h': '1', 'a': '2'}","{'h': '1.75765', 'a': '2.02078'}",2024-05-19 17:00:00,"{'w': '0.2706', 'd': '0.3034', 'l': '0.426'}"
23053,True,"{'id': '146', 'title': 'Valencia', 'short_title': 'VAL'}","{'id': '223', 'title': 'Girona', 'short_title': 'GIR'}","{'h': '1', 'a': '3'}","{'h': '3.35606', 'a': '2.90299'}",2024-05-19 17:00:00,"{'w': '0.4864', 'd': '0.2051', 'l': '0.3085'}"
23054,True,"{'id': '154', 'title': 'Villarreal', 'short_title': 'VIL'}","{'id': '150', 'title': 'Real Madrid', 'short_title': 'RMA'}","{'h': '4', 'a': '4'}","{'h': '2.21178', 'a': '1.59129'}",2024-05-19 17:00:00,"{'w': '0.5234', 'd': '0.231', 'l': '0.2456'}"
23058,True,"{'id': '223', 'title': 'Girona', 'short_title': 'GIR'}","{'id': '155', 'title': 'Granada', 'short_title': 'GRA'}","{'h': '7', 'a': '0'}","{'h': '4.75092', 'a': '0.987219'}",2024-05-24 19:00:00,"{'w': '0.9759', 'd': '0.019', 'l': '0.0051'}"
23059,True,"{'id': '157', 'title': 'Osasuna', 'short_title': 'OSA'}","{'id': '154', 'title': 'Villarreal', 'short_title': 'VIL'}","{'h': '1', 'a': '1'}","{'h': '1.09355', 'a': '0.835313'}",2024-05-25 12:00:00,"{'w': '0.4138', 'd': '0.3239', 'l': '0.2623'}"
23061,True,"{'id': '140', 'title': 'Real Sociedad', 'short_title': 'SOC'}","{'id': '143', 'title': 'Atletico Madrid', 'short_title': 'ATL'}","{'h': '0', 'a': '2'}","{'h': '0.570544', 'a': '2.19824'}",2024-05-25 14:15:00,"{'w': '0.0476', 'd': '0.1317', 'l': '0.8207'}"
23055,True,"{'id': '208', 'title': 'Almeria', 'short_title': 'ALM'}","{'id': '261', 'title': 'Cadiz', 'short_title': 'CAD'}","{'h': '6', 'a': '1'}","{'h': '3.23442', 'a': '0.494605'}",2024-05-25 16:30:00,"{'w': '0.937', 'd': '0.0504', 'l': '0.0126'}"
23060,True,"{'id': '145', 'title': 'Rayo Vallecano', 'short_title': 'RVL'}","{'id': '147', 'title': 'Athletic Club', 'short_title': 'ATH'}","{'h': '0', 'a': '1'}","{'h': '1.47462', 'a': '0.930597'}",2024-05-25 16:30:00,"{'w': '0.4967', 'd': '0.2984', 'l': '0.2049'}"
23063,True,"{'id': '150', 'title': 'Real Madrid', 'short_title': 'RMA'}","{'id': '153', 'title': 'Real Betis', 'short_title': 'BET'}","{'h': '0', 'a': '0'}","{'h': '1.24417', 'a': '1.15552'}",2024-05-25 19:00:00,"{'w': '0.3756', 'd': '0.3101', 'l': '0.3143'}"
23057,True,"{'id': '142', 'title': 'Getafe', 'short_title': 'GET'}","{'id': '239', 'title': 'Mallorca', 'short_title': 'MAL'}","{'h': '1', 'a': '2'}","{'h': '1.07908', 'a': '1.34437'}",2024-05-26 12:00:00,"{'w': '0.2467', 'd': '0.3168', 'l': '0.4365'}"
23056,True,"{'id': '152', 'title': 'Celta Vigo', 'short_title': 'CEL'}","{'id': '146', 'title': 'Valencia', 'short_title': 'VAL'}","{'h': '2', 'a': '2'}","{'h': '1.50162', 'a': '2.16042'}",2024-05-26 14:15:00,"{'w': '0.2011', 'd': '0.2603', 'l': '0.5386'}"
23064,True,"{'id': '144', 'title': 'Las Palmas', 'short_title': 'LPL'}","{'id': '158', 'title': 'Alaves', 'short_title': 'ALA'}","{'h': '1', 'a': '1'}","{'h': '1.15618', 'a': '2.23542'}",2024-05-26 14:15:00,"{'w': '0.1297', 'd': '0.214', 'l': '0.6563'}"
23062,True,"{'id': '138', 'title': 'Sevilla', 'short_title': 'SEV'}","{'id': '148', 'title': 'Barcelona', 'short_title': 'BAR'}","{'h': '1', 'a': '2'}","{'h': '1.96266', 'a': '1.4772'}",2024-05-26 19:00:00,"{'w': '0.4872', 'd': '0.2468', 'l': '0.266'}"
